name,position,team,element,fixture,opponent_team,total_points,was_home,kickoff_time,team_h_score,team_a_score,round,minutes,goals_scored,assists,clean_sheets,goals_conceded,own_goals,penalties_saved,penalties_missed,yellow_cards,red_cards,saves,bonus,bps,influence,creativity,threat,ict_index,value,transfers_balance,selected,transfers_in,transfers_out
Aaron Connolly,FWD,Brighton,72,78,15,0,False,2021-10-16T14:00:00Z,0,0,8,0,0,0,0,0,0,0,0,0,0,0,0,0,0.0,0.0,0.0,0.0,53,89,10001,1245,1156
Aaron Cresswell,DEF,West Ham,411,74,8,7,False,2021-10-17T13:00:00Z,0,1,8,90,0,0,1,0,0,0,0,0,0,0,1,27,16.0,4.9,0.0,2.1,55,-82860,1212093,16857,99717
Aaron Lennon,MID,Burnley,575,76,12,0,False,2021-10-16T14:00:00Z,2,0,8,0,0,0,0,0,0,0,0,0,0,0,0,0,0.0,0.0,0.0,0.0,50,21,1247,182,161
Aaron Ramsdale,GK,Arsenal,559,71,7,2,True,2021-10-18T19:00:00Z,2,2,8,90,0,0,0,2,0,0,0,0,0,4,0,16,18.6,0.0,0.0,1.9,46,188376,514981,206864,18488
Aaron Ramsey,MID,Aston Villa,496,72,20,0,True,2021-10-16T14:00:00Z,2,3,8,0,0,0,0,0,0,0,0,0,0,0,0,0,0.0,0.0,0.0,0.0,45,-267,16308,842,1109
Aaron Wan-Bissaka,DEF,Man Utd,288,75,9,-1,False,2021-10-16T14:00:00Z,4,2,8,90,0,0,0,4,0,0,0,1,0,0,0,13,14.8,2.8,2.0,2.0,54,-28779,483180,10392,39171
Abdoulaye Doucouré,MID,Everton,173,74,19,2,True,2021-10-17T13:00:00Z,0,1,8,90,0,0,0,1,0,0,0,0,0,0,0,9,13.0,22.7,9.0,4.5,57,198297,633456,231061,32764
Adama Traoré,MID,Wolves,435,72,2,5,False,2021-10-16T14:00:00Z,2,3,8,90,0,1,0,2,0,0,0,0,0,0,0,12,11.0,3.5,29.0,4.4,60,-70570,222681,7561,78131
Adam Armstrong,FWD,Southampton,525,79,10,0,True,2021-10-16T14:00:00Z,1,0,8,0,0,0,0,0,0,0,0,0,0,0,0,0,0.0,0.0,0.0,0.0,60,39026,260538,74655,35629
Adam Forshaw,MID,Leeds,552,79,16,1,False,2021-10-16T14:00:00Z,1,0,8,26,0,0,0,0,0,0,0,0,0,0,0,2,2.6,0.3,0.0,0.3,45,-240,1111,57,297
Adam Idah,FWD,Norwich,329,78,4,1,True,2021-10-16T14:00:00Z,0,0,8,1,0,0,0,0,0,0,0,0,0,0,0,4,1.2,0.5,0.0,0.2,49,75,34240,3547,3472
Adam Lallana,MID,Brighton,53,78,15,2,False,2021-10-16T14:00:00Z,0,0,8,90,0,0,1,0,0,0,0,1,0,0,0,13,24.6,17.3,11.0,5.3,54,675,18603,1963,1288
Adam Masina,DEF,Watford,390,80,11,0,True,2021-10-16T11:30:00Z,0,5,8,45,0,0,0,2,0,0,0,0,0,0,0,5,8.8,0.2,0.0,0.9,43,-459,7072,240,699
Adam Webster,DEF,Brighton,61,78,15,0,False,2021-10-16T14:00:00Z,0,0,8,0,0,0,0,0,0,0,0,0,0,0,0,0,0.0,0.0,0.0,0.0,44,-1989,19198,50,2039
Adedapo Awokoya-Mebude,FWD,Watford,469,80,11,0,True,2021-10-16T11:30:00Z,0,5,8,0,0,0,0,0,0,0,0,0,0,0,0,0,0.0,0.0,0.0,0.0,45,-500,8784,0,500
Ademola Lookman,MID,Leicester,587,75,13,0,True,2021-10-16T14:00:00Z,4,2,8,0,0,0,0,0,0,0,0,0,0,0,0,0,0.0,0.0,0.0,0.0,60,-96,5773,1201,1297
Adrián San Miguel del Castillo,GK,Liverpool,223,80,18,0,False,2021-10-16T11:30:00Z,0,5,8,0,0,0,0,0,0,0,0,0,0,0,0,0,0.0,0.0,0.0,0.0,44,1107,20782,2191,1084
Ainsley Maitland-Niles,MID,Arsenal,13,71,7,0,True,2021-10-18T19:00:00Z,2,2,8,0,0,0,0,0,0,0,0,0,0,0,0,0,0.0,0.0,0.0,0.0,53,-114,4893,185,299
Albert Sambi Lokonga,MID,Arsenal,478,71,7,1,True,2021-10-18T19:00:00Z,2,2,8,45,0,0,0,2,0,0,0,0,0,0,0,7,1.8,15.0,0.0,1.7,49,-224,14261,1048,1272
Alex Nicolao Telles,DEF,Man Utd,279,75,9,0,False,2021-10-16T14:00:00Z,4,2,8,0,0,0,0,0,0,0,0,0,0,0,0,0,0.0,0.0,0.0,0.0,50,-3400,6105,683,4083
Alexandre Lacazette,FWD,Arsenal,6,71,7,5,True,2021-10-18T19:00:00Z,2,2,8,23,1,0,0,1,0,0,0,0,0,0,0,28,42.0,26.8,62.0,13.1,83,-1344,80349,1563,2907
Alexis Mac Allister,MID,Brighton,74,78,15,1,False,2021-10-16T14:00:00Z,0,0,8,6,0,0,0,0,0,0,0,0,0,0,0,3,0.4,0.8,0.0,0.1,55,-2058,36981,615,2673
Alex Iwobi,MID,Everton,174,74,19,2,True,2021-10-17T13:00:00Z,0,1,8,78,0,0,0,1,0,0,0,0,0,0,0,1,0.0,1.6,48.0,4.6,59,-2206,14146,65,2271
Alex Kral,MID,West Ham,589,74,8,0,False,2021-10-17T13:00:00Z,0,1,8,0,0,0,0,0,0,0,0,0,0,0,0,0,0.0,0.0,0.0,0.0,45,-274,5739,350,624
Alex McCarthy,GK,Southampton,334,79,10,5,True,2021-10-16T14:00:00Z,1,0,8,90,0,0,1,0,0,0,0,1,0,0,0,17,5.6,0.0,0.0,0.6,45,16462,186568,27086,10624
Alex Oxlade-Chamberlain,MID,Liverpool,227,80,18,1,False,2021-10-16T11:30:00Z,0,5,8,26,0,0,0,0,0,0,0,0,0,0,0,4,5.0,12.3,0.0,1.7,58,-342,10623,298,640
Alireza Jahanbakhsh,MID,Brighton,66,78,15,0,False,2021-10-16T14:00:00Z,0,0,8,0,0,0,0,0,0,0,0,0,0,0,0,0,0.0,0.0,0.0,0.0,55,0,115,0,0
Alisson Ramses Becker,GK,Liverpool,231,80,18,0,False,2021-10-16T11:30:00Z,0,5,8,0,0,0,0,0,0,0,0,0,0,0,0,0,0.0,0.0,0.0,0.0,60,-80036,649529,22591,102627
Allan Marques Loureiro,MID,Everton,171,74,19,2,True,2021-10-17T13:00:00Z,0,1,8,90,0,0,0,1,0,0,0,0,0,0,0,18,20.2,5.3,0.0,2.6,46,11928,593475,59941,48013
Allan Saint-Maximin,FWD,Newcastle,307,77,17,2,True,2021-10-17T15:30:00Z,2,3,8,90,0,0,0,3,0,0,0,0,0,0,0,10,6.0,11.9,2.0,2.0,68,40181,1433719,149182,109001
Alphonse Areola,GK,West Ham,489,74,8,0,False,2021-10-17T13:00:00Z,0,1,8,0,0,0,0,0,0,0,0,0,0,0,0,0,0.0,0.0,0.0,0.0,48,-2100,65214,907,3007
Andi Zeqiri,FWD,Brighton,535,78,15,0,False,2021-10-16T14:00:00Z,0,0,8,0,0,0,0,0,0,0,0,0,0,0,0,0,0.0,0.0,0.0,0.0,45,-2655,33810,0,2655
Andreas Christensen,DEF,Chelsea,133,73,3,6,False,2021-10-16T16:30:00Z,0,1,8,90,0,0,1,0,0,0,0,0,0,0,0,30,28.8,1.6,0.0,3.0,50,8136,343370,46866,38730
Andreas Pereira,MID,Man Utd,511,75,9,0,False,2021-10-16T14:00:00Z,4,2,8,0,0,0,0,0,0,0,0,0,0,0,0,0,0.0,0.0,0.0,0.0,50,-29,873,0,29
Andreas Söndergaard,GK,Wolves,444,72,2,0,False,2021-10-16T14:00:00Z,2,3,8,0,0,0,0,0,0,0,0,0,0,0,0,0,0.0,0.0,0.0,0.0,40,-3531,79868,525,4056
Andrew Omobamidele,DEF,Norwich,331,78,4,0,True,2021-10-16T14:00:00Z,0,0,8,0,0,0,0,0,0,0,0,0,0,0,0,0,0.0,0.0,0.0,0.0,39,2038,358686,35150,33112
Andrew Robertson,DEF,Liverpool,234,80,18,6,False,2021-10-16T11:30:00Z,0,5,8,63,0,0,1,0,0,0,0,0,0,0,0,24,12.2,17.5,4.0,3.4,70,15383,181078,29222,13839
Andre Gray,FWD,Watford,383,80,11,0,True,2021-10-16T11:30:00Z,0,5,8,0,0,0,0,0,0,0,0,0,0,0,0,0,0.0,0.0,0.0,0.0,54,-452,6515,0,452
Andriy Yarmolenko,MID,West Ham,412,74,8,1,False,2021-10-17T13:00:00Z,0,1,8,1,0,0,0,0,0,0,0,0,0,0,0,3,0.0,0.0,0.0,0.0,53,-546,11280,321,867
Andros Townsend,MID,Everton,482,74,19,2,True,2021-10-17T13:00:00Z,0,1,8,90,0,0,0,1,0,0,0,0,0,0,0,11,22.8,72.2,6.0,10.1,56,476601,800266,514687,38086
André Filipe Tavares Gomes,MID,Everton,172,74,19,0,True,2021-10-17T13:00:00Z,0,1,8,0,0,0,0,0,0,0,0,0,0,0,0,0,0.0,0.0,0.0,0.0,49,-806,8048,37,843
Andy Lonergan,GK,Everton,571,74,19,0,True,2021-10-17T13:00:00Z,0,1,8,0,0,0,0,0,0,0,0,0,0,0,0,0,0.0,0.0,0.0,0.0,40,-288,5209,217,505
Angelo Ogbonna,DEF,West Ham,409,74,8,15,False,2021-10-17T13:00:00Z,0,1,8,90,1,0,1,0,0,0,0,0,0,0,3,41,52.8,0.5,53.0,10.6,50,-1122,25247,1255,2377
Angus Gunn,GK,Norwich,448,78,4,0,True,2021-10-16T14:00:00Z,0,0,8,0,0,0,0,0,0,0,0,0,0,0,0,0,0.0,0.0,0.0,0.0,40,-6875,131956,829,7704
Anthony Elanga,MID,Man Utd,512,75,9,0,False,2021-10-16T14:00:00Z,4,2,8,0,0,0,0,0,0,0,0,0,0,0,0,0,0.0,0.0,0.0,0.0,48,-4,1451,96,100
Anthony Gordon,MID,Everton,503,74,19,1,True,2021-10-17T13:00:00Z,0,1,8,11,0,0,0,0,0,0,0,0,0,0,0,3,0.2,0.3,0.0,0.1,45,400,5971,894,494
Anthony Martial,FWD,Man Utd,278,75,9,0,False,2021-10-16T14:00:00Z,4,2,8,0,0,0,0,0,0,0,0,0,0,0,0,0,0.0,0.0,0.0,0.0,76,-533,52485,1980,2513
Antonio Rüdiger,DEF,Chelsea,127,73,3,0,False,2021-10-16T16:30:00Z,0,1,8,0,0,0,0,0,0,0,0,0,0,0,0,0,0.0,0.0,0.0,0.0,58,-385328,1304570,115425,500753
Anwar El Ghazi,MID,Aston Villa,42,72,20,0,True,2021-10-16T14:00:00Z,2,3,8,0,0,0,0,0,0,0,0,0,0,0,0,0,0.0,0.0,0.0,0.0,58,-5000,46633,1458,6458
Armando Broja,FWD,Southampton,518,79,10,8,True,2021-10-16T14:00:00Z,1,0,8,80,1,0,1,0,0,0,0,0,0,0,2,27,35.2,13.4,70.0,11.9,50,-426,44407,3938,4364
Arthur Masuaku,DEF,West Ham,417,74,8,0,False,2021-10-17T13:00:00Z,0,1,8,0,0,0,0,0,0,0,0,0,0,0,0,0,0.0,0.0,0.0,0.0,44,-60,3782,171,231
Arthur Okonkwo,GK,Arsenal,572,71,7,0,True,2021-10-18T19:00:00Z,2,2,8,0,0,0,0,0,0,0,0,0,0,0,0,0,0.0,0.0,0.0,0.0,40,-71,10825,460,531
Ashley Barnes,FWD,Burnley,105,76,12,1,False,2021-10-16T14:00:00Z,2,0,8,34,0,0,0,1,0,0,0,0,0,0,0,0,2.0,1.3,38.0,4.1,54,-8332,100728,4076,12408
Ashley Fletcher,FWD,Watford,395,80,11,0,True,2021-10-16T11:30:00Z,0,5,8,0,0,0,0,0,0,0,0,0,0,0,0,0,0.0,0.0,0.0,0.0,49,855,21655,3335,2480
Ashley Westwood,MID,Burnley,107,76,12,2,False,2021-10-16T14:00:00Z,2,0,8,90,0,0,0,2,0,0,0,0,0,0,0,12,3.4,13.6,2.0,1.9,54,-5907,31022,1497,7404
Ashley Young,DEF,Aston Villa,52,72,20,0,True,2021-10-16T14:00:00Z,2,3,8,11,0,0,0,3,0,0,0,0,0,0,0,3,0.2,0.1,0.0,0.0,48,-3809,49945,558,4367
Asmir Begović,GK,Everton,481,74,19,0,True,2021-10-17T13:00:00Z,0,1,8,0,0,0,0,0,0,0,0,0,0,0,0,0,0.0,0.0,0.0,0.0,40,-7529,291458,4110,11639
Axel Tuanzebe,DEF,Aston Villa,283,72,20,1,True,2021-10-16T14:00:00Z,2,3,8,90,0,0,0,3,0,0,0,0,0,0,0,12,6.6,0.3,2.0,0.9,45,-649,45554,1348,1997
Aymeric Laporte,DEF,Man City,259,76,5,5,True,2021-10-16T14:00:00Z,2,0,8,71,0,0,1,0,0,0,0,1,0,0,0,22,15.8,2.4,4.0,2.2,55,85549,375990,106147,20598
Ayotomiwa Dele-Bashiru,MID,Watford,394,80,11,0,True,2021-10-16T11:30:00Z,0,5,8,0,0,0,0,0,0,0,0,0,0,0,0,0,0.0,0.0,0.0,0.0,45,-99,1335,0,99
Ayoze Pérez,MID,Leicester,211,75,13,7,True,2021-10-16T14:00:00Z,4,2,8,17,0,2,0,1,0,0,0,0,0,0,0,24,39.4,31.0,41.0,11.1,58,-304,9542,333,637
Bailey Peacock-Farrell,GK,Burnley,117,76,12,0,False,2021-10-16T14:00:00Z,2,0,8,0,0,0,0,0,0,0,0,0,0,0,0,0,0.0,0.0,0.0,0.0,45,-14,473,0,14
Bali Mumba,DEF,Norwich,515,78,4,0,True,2021-10-16T14:00:00Z,0,0,8,0,0,0,0,0,0,0,0,0,0,0,0,0,0.0,0.0,0.0,0.0,40,-1077,21625,234,1311
Bamidele Alli,MID,Spurs,363,77,14,0,False,2021-10-17T15:30:00Z,2,3,8,0,0,0,0,0,0,0,0,0,0,0,0,0,0.0,0.0,0.0,0.0,65,-27219,150445,3394,30613
Benjamin Chilwell,DEF,Chelsea,135,73,3,15,False,2021-10-16T16:30:00Z,0,1,8,90,1,0,1,0,0,0,0,0,0,0,3,38,53.4,4.8,19.0,7.7,56,56480,355311,78678,22198
Benjamin Mendy,DEF,Man City,253,76,5,0,True,2021-10-16T14:00:00Z,2,0,8,0,0,0,0,0,0,0,0,0,0,0,0,0,0.0,0.0,0.0,0.0,53,-1286,32945,187,1473
Ben Davies,DEF,Liverpool,248,80,18,0,False,2021-10-16T11:30:00Z,0,5,8,0,0,0,0,0,0,0,0,0,0,0,0,0,0.0,0.0,0.0,0.0,40,-585,12830,0,585
Ben Davies,DEF,Spurs,364,77,14,0,False,2021-10-17T15:30:00Z,2,3,8,0,0,0,0,0,0,0,0,0,0,0,0,0,0.0,0.0,0.0,0.0,44,-2125,17042,34,2159
Ben Foster,GK,Watford,376,80,11,1,True,2021-10-16T11:30:00Z,0,5,8,90,0,0,0,5,0,0,0,0,0,4,0,18,22.6,0.0,0.0,2.3,40,64809,1844060,99903,35094
Ben Gibson,DEF,Norwich,456,78,4,6,True,2021-10-16T14:00:00Z,0,0,8,90,0,0,1,0,0,0,0,0,0,0,0,24,19.2,10.4,9.0,3.9,44,-65,6654,190,255
Ben Godfrey,DEF,Everton,179,74,19,2,True,2021-10-17T13:00:00Z,0,1,8,90,0,0,0,1,0,0,0,0,0,0,0,19,30.2,0.4,26.0,5.7,48,42,45404,1891,1849
Ben Johnson,DEF,West Ham,425,74,8,7,False,2021-10-17T13:00:00Z,0,1,8,90,0,0,1,0,0,0,0,0,0,0,1,27,18.0,16.9,4.0,3.9,39,1353,167662,9750,8397
Ben Mee,DEF,Burnley,106,76,12,0,False,2021-10-16T14:00:00Z,2,0,8,0,0,0,0,0,0,0,0,0,0,0,0,0,0.0,0.0,0.0,0.0,49,-30782,57089,253,31035
Ben White,DEF,Arsenal,67,71,7,1,True,2021-10-18T19:00:00Z,2,2,8,90,0,0,0,2,0,0,0,0,0,0,0,16,11.2,12.3,26.0,5.0,44,65212,1080390,115222,50010
Ben Wilmot,DEF,Watford,401,80,11,0,True,2021-10-16T11:30:00Z,0,5,8,0,0,0,0,0,0,0,0,0,0,0,0,0,0.0,0.0,0.0,0.0,45,-1,37,0,1
Ben Woodburn,MID,Liverpool,553,80,18,0,False,2021-10-16T11:30:00Z,0,5,8,0,0,0,0,0,0,0,0,0,0,0,0,0,0.0,0.0,0.0,0.0,45,-59,1490,0,59
Bernardo Mota Veiga de Carvalho e Silva,MID,Man City,261,76,5,11,True,2021-10-16T14:00:00Z,2,0,8,90,1,0,1,0,0,0,0,0,0,0,3,32,40.6,39.3,65.0,14.5,69,68980,212677,83842,14862
Bernardo Fernandes Da Silva Junior,DEF,Brighton,68,78,15,0,False,2021-10-16T14:00:00Z,0,0,8,0,0,0,0,0,0,0,0,0,0,0,0,0,0.0,0.0,0.0,0.0,40,-19,592,0,19
Bernard Anício Caldeira Duarte,MID,Everton,167,74,19,0,True,2021-10-17T13:00:00Z,0,1,8,0,0,0,0,0,0,0,0,0,0,0,0,0,0.0,0.0,0.0,0.0,55,-1,230,0,1
Bernd Leno,GK,Arsenal,1,71,7,0,True,2021-10-18T19:00:00Z,2,2,8,0,0,0,0,0,0,0,0,0,0,0,0,0,0.0,0.0,0.0,0.0,47,-7660,98912,1943,9603
Bertrand Traoré,MID,Aston Villa,32,72,20,0,True,2021-10-16T14:00:00Z,2,3,8,0,0,0,0,0,0,0,0,0,0,0,0,0,0.0,0.0,0.0,0.0,58,-2306,34700,552,2858
Billy Gilmour,MID,Norwich,145,78,4,0,True,2021-10-16T14:00:00Z,0,0,8,0,0,0,0,0,0,0,0,0,0,0,0,0,0.0,0.0,0.0,0.0,44,-40201,489503,11136,51337
Björn Engels,DEF,Aston Villa,31,72,20,0,True,2021-10-16T14:00:00Z,2,3,8,0,0,0,0,0,0,0,0,0,0,0,0,0,0.0,0.0,0.0,0.0,45,0,47,0,0
Bobby Thomas,DEF,Burnley,534,76,12,0,False,2021-10-16T14:00:00Z,2,0,8,0,0,0,0,0,0,0,0,0,0,0,0,0,0.0,0.0,0.0,0.0,40,-77,25444,1264,1341
Boubakary Soumaré,MID,Leicester,458,75,13,2,True,2021-10-16T14:00:00Z,4,2,8,90,0,0,0,2,0,0,0,0,0,0,0,11,6.2,2.5,0.0,0.9,48,5,6063,618,613
Brandon Williams,DEF,Norwich,290,78,4,0,True,2021-10-16T14:00:00Z,0,0,8,0,0,0,0,0,0,0,0,0,0,0,0,0,0.0,0.0,0.0,0.0,40,-33161,524840,7888,41049
Bruno Miguel Borges Fernandes,MID,Man Utd,277,75,9,5,False,2021-10-16T14:00:00Z,4,2,8,90,0,1,0,4,0,0,0,0,0,0,0,24,39.0,104.0,11.0,15.4,118,-182100,2078240,24555,206655
Bryan Gil Salvatierra,MID,Spurs,487,77,14,0,False,2021-10-17T15:30:00Z,2,3,8,0,0,0,0,0,0,0,0,0,0,0,0,0,0.0,0.0,0.0,0.0,58,-434,6776,177,611
Bryan Mbeumo,MID,Brentford,96,73,6,2,True,2021-10-16T16:30:00Z,0,1,8,90,0,0,0,1,0,0,0,0,0,0,0,4,6.0,8.3,14.0,2.8,55,125917,213236,150224,24307
Bukayo Saka,MID,Arsenal,22,71,7,0,True,2021-10-18T19:00:00Z,2,2,8,45,0,0,0,0,0,0,0,1,0,0,0,1,0.0,11.6,2.0,1.3,64,189791,1109344,255342,65551
Callum Hudson-Odoi,MID,Chelsea,140,73,3,0,False,2021-10-16T16:30:00Z,0,1,8,0,0,0,0,0,0,0,0,0,0,0,0,0,0.0,0.0,0.0,0.0,53,24,9764,707,683
Callum Wilson,FWD,Newcastle,296,77,17,8,True,2021-10-17T15:30:00Z,2,3,8,76,1,0,0,3,0,0,0,0,0,0,2,32,43.0,24.5,25.0,9.3,73,-1812,75551,3581,5393
Calum Chambers,DEF,Arsenal,10,71,7,0,True,2021-10-18T19:00:00Z,2,2,8,0,0,0,0,0,0,0,0,0,0,0,0,0,0.0,0.0,0.0,0.0,43,-924,18078,317,1241
Cameron Archer,FWD,Aston Villa,568,72,20,0,True,2021-10-16T14:00:00Z,2,3,8,0,0,0,0,0,0,0,0,0,0,0,0,0,0.0,0.0,0.0,0.0,45,10581,112928,23378,12797
Caoimhin Kelleher,GK,Liverpool,242,80,18,6,False,2021-10-16T11:30:00Z,0,5,8,90,0,0,1,0,0,0,0,0,0,2,0,29,18.4,0.0,0.0,1.8,44,4185,13827,5064,879
Carney Chukwuemeka,MID,Aston Villa,526,72,20,0,True,2021-10-16T14:00:00Z,2,3,8,0,0,0,0,0,0,0,0,0,0,0,0,0,0.0,0.0,0.0,0.0,45,61,3525,299,238
Charlie Cresswell,DEF,Leeds,563,79,16,0,False,2021-10-16T14:00:00Z,1,0,8,0,0,0,0,0,0,0,0,0,0,0,0,0,0.0,0.0,0.0,0.0,40,-436,37977,3081,3517
Charlie Goode,DEF,Brentford,87,73,6,0,True,2021-10-16T16:30:00Z,0,1,8,0,0,0,0,0,0,0,0,0,0,0,0,0,0.0,0.0,0.0,0.0,39,-2160,172297,8255,10415
Charlie Taylor,DEF,Burnley,113,76,12,0,False,2021-10-16T14:00:00Z,2,0,8,0,0,0,0,0,0,0,0,0,0,0,0,0,0.0,0.0,0.0,0.0,44,-2323,32637,3628,5951
Charlie Whitaker,MID,Everton,613,74,19,0,True,2021-10-17T13:00:00Z,0,1,8,0,0,0,0,0,0,0,0,0,0,0,0,0,0.0,0.0,0.0,0.0,45,202,417,267,65
Cheikhou Kouyaté,DEF,Crystal Palace,150,71,1,1,False,2021-10-18T19:00:00Z,2,2,8,23,0,0,0,1,0,0,0,0,0,0,0,6,11.4,0.1,0.0,1.2,45,-4495,64175,1226,5721
Chem Campbell,MID,Wolves,548,72,2,0,False,2021-10-16T14:00:00Z,2,3,8,0,0,0,0,0,0,0,0,0,0,0,0,0,0.0,0.0,0.0,0.0,45,-973,28165,1447,2420
Che Adams,FWD,Southampton,345,79,10,0,True,2021-10-16T14:00:00Z,1,0,8,0,0,0,0,0,0,0,0,0,0,0,0,0,0.0,0.0,0.0,0.0,68,-17238,72172,1670,18908
Christian Benteke,FWD,Crystal Palace,149,71,1,9,False,2021-10-18T19:00:00Z,2,2,8,90,1,0,0,2,0,0,0,0,0,0,3,33,42.6,0.7,30.0,7.3,63,-3967,62337,1525,5492
Christian Kabasele,DEF,Watford,384,80,11,0,True,2021-10-16T11:30:00Z,0,5,8,0,0,0,0,0,0,0,0,0,0,0,0,0,0.0,0.0,0.0,0.0,44,-677,5576,55,732
Christian Marques,DEF,Wolves,549,72,2,0,False,2021-10-16T14:00:00Z,2,3,8,0,0,0,0,0,0,0,0,0,0,0,0,0,0.0,0.0,0.0,0.0,40,-1122,20396,0,1122
Christian Nørgaard,MID,Brentford,77,73,6,2,True,2021-10-16T16:30:00Z,0,1,8,90,0,0,0,1,0,0,0,0,0,0,0,14,10.8,12.8,96.0,12.0,50,-5604,81366,2562,8166
Christian Pulisic,MID,Chelsea,137,73,3,0,False,2021-10-16T16:30:00Z,0,1,8,0,0,0,0,0,0,0,0,0,0,0,0,0,0.0,0.0,0.0,0.0,79,-2695,42424,100,2795
Christoph Zimmermann,DEF,Norwich,324,78,4,0,True,2021-10-16T14:00:00Z,0,0,8,0,0,0,0,0,0,0,0,0,0,0,0,0,0.0,0.0,0.0,0.0,44,-281,4181,12,293
Christos Tzolis,MID,Norwich,528,78,4,0,True,2021-10-16T14:00:00Z,0,0,8,0,0,0,0,0,0,0,0,0,0,0,0,0,0.0,0.0,0.0,0.0,49,-429,5044,97,526
Chris Wood,FWD,Burnley,109,76,12,2,False,2021-10-16T14:00:00Z,2,0,8,81,0,0,0,2,0,0,0,0,0,0,0,0,0.0,2.4,4.0,0.4,68,-34418,111975,2013,36431
Ciaran Clark,DEF,Newcastle,293,77,17,0,True,2021-10-17T15:30:00Z,2,3,8,90,0,0,0,3,0,0,0,1,0,0,0,11,21.8,0.2,4.0,2.6,44,-264,9584,340,604
Cieran Slicker,GK,Man City,615,76,5,0,True,2021-10-16T14:00:00Z,2,0,8,0,0,0,0,0,0,0,0,0,0,0,0,0,0.0,0.0,0.0,0.0,40,0,0,0,0
Cody Drameh,DEF,Leeds,562,79,16,0,False,2021-10-16T14:00:00Z,1,0,8,0,0,0,0,0,0,0,0,0,0,0,0,0,0.0,0.0,0.0,0.0,40,-254,6065,165,419
Cole Palmer,MID,Man City,507,76,5,1,True,2021-10-16T14:00:00Z,2,0,8,1,0,0,0,0,0,0,0,0,0,0,0,4,1.0,1.0,0.0,0.2,45,-184,5392,239,423
Connor Roberts,DEF,Burnley,585,76,12,0,False,2021-10-16T14:00:00Z,2,0,8,0,0,0,0,0,0,0,0,0,0,0,0,0,0.0,0.0,0.0,0.0,45,45,627,114,69
Conor Coady,DEF,Wolves,429,72,2,7,False,2021-10-16T14:00:00Z,2,3,8,90,1,0,0,2,0,0,0,0,0,0,0,24,48.6,0.3,35.0,8.4,45,-21288,520159,12003,33291
Conor Coventry,MID,West Ham,522,74,8,0,False,2021-10-17T13:00:00Z,0,1,8,0,0,0,0,0,0,0,0,0,0,0,0,0,0.0,0.0,0.0,0.0,45,-237,4967,0,237
Conor Gallagher,MID,Crystal Palace,144,71,1,2,False,2021-10-18T19:00:00Z,2,2,8,90,0,0,0,2,0,0,0,0,0,0,0,8,12.8,1.8,15.0,3.0,57,-33831,659948,42727,76558
Conor Hourihane,MID,Aston Villa,29,72,20,0,True,2021-10-16T14:00:00Z,2,3,8,0,0,0,0,0,0,0,0,0,0,0,0,0,0.0,0.0,0.0,0.0,49,-72,1574,0,72
Craig Cathcart,DEF,Watford,379,80,11,0,True,2021-10-16T11:30:00Z,0,5,8,90,0,0,0,5,0,0,0,0,0,0,0,12,13.2,0.0,0.0,1.3,44,-828,8480,144,972
Craig Dawson,DEF,West Ham,414,74,8,1,False,2021-10-17T13:00:00Z,0,1,8,11,0,0,0,0,0,0,0,0,0,0,0,5,2.6,0.1,2.0,0.5,50,-1479,23426,490,1969
Cristiano Ronaldo dos Santos Aveiro,FWD,Man Utd,579,75,9,2,False,2021-10-16T14:00:00Z,4,2,8,90,0,0,0,4,0,0,0,0,0,0,0,8,4.2,15.2,37.0,5.6,126,-351907,3673494,69871,421778
Cristian Romero,DEF,Spurs,494,77,14,1,False,2021-10-17T15:30:00Z,2,3,8,90,0,0,0,2,0,0,0,0,0,0,0,13,22.2,3.3,8.0,3.4,49,-371,23323,1235,1606
Crysencio Summerville,MID,Leeds,551,79,16,1,False,2021-10-16T14:00:00Z,1,0,8,9,0,0,0,0,0,0,0,0,0,0,0,2,0.2,0.6,0.0,0.1,45,-606,5223,148,754
Curtis Jones,MID,Liverpool,244,80,18,0,False,2021-10-16T11:30:00Z,0,5,8,0,0,0,0,0,0,0,0,0,0,0,0,0,0.0,0.0,0.0,0.0,50,11546,26941,23062,11516
Cédric Soares,DEF,Arsenal,5,71,7,0,True,2021-10-18T19:00:00Z,2,2,8,0,0,0,0,0,0,0,0,0,0,0,0,0,0.0,0.0,0.0,0.0,43,-693,15015,304,997
César Azpilicueta,DEF,Chelsea,119,73,3,6,False,2021-10-16T16:30:00Z,0,1,8,88,0,0,1,0,0,0,0,0,0,0,0,24,15.8,4.1,4.0,2.4,61,214385,664864,263856,49471
Dale Stephens,MID,Burnley,102,76,12,0,False,2021-10-16T14:00:00Z,2,0,8,0,0,0,0,0,0,0,0,0,0,0,0,0,0.0,0.0,0.0,0.0,45,399,2028,755,356
Dane Scarlett,FWD,Spurs,520,77,14,0,False,2021-10-17T15:30:00Z,2,3,8,0,0,0,0,0,0,0,0,0,0,0,0,0,0.0,0.0,0.0,0.0,45,-15949,267497,10220,26169
Daniel Amartey,DEF,Leicester,208,75,13,1,True,2021-10-16T14:00:00Z,4,2,8,90,0,0,0,2,0,0,0,0,0,0,0,13,7.6,1.0,0.0,0.9,40,-104309,924332,10830,115139
Daniel Bachmann,GK,Watford,389,80,11,0,True,2021-10-16T11:30:00Z,0,5,8,0,0,0,0,0,0,0,0,0,0,0,0,0,0.0,0.0,0.0,0.0,44,-20942,128944,1253,22195
Daniel Castelo Podence,MID,Wolves,438,72,2,4,False,2021-10-16T14:00:00Z,2,3,8,16,0,1,0,0,0,0,0,0,0,0,0,17,18.6,11.8,4.0,3.4,55,-1248,7156,712,1960
Daniel James,MID,Leeds,287,79,16,2,False,2021-10-16T14:00:00Z,1,0,8,90,0,0,0,1,0,0,0,0,0,0,0,3,6.8,5.4,6.0,1.8,60,1080,47536,6784,5704
Daniel N'Lundulu,FWD,Southampton,344,79,10,0,True,2021-10-16T14:00:00Z,1,0,8,0,0,0,0,0,0,0,0,0,0,0,0,0,0.0,0.0,0.0,0.0,45,-57,1422,0,57
Danny Ings,FWD,Aston Villa,337,72,20,7,True,2021-10-16T14:00:00Z,2,3,8,90,1,0,0,3,0,0,0,0,0,0,1,28,41.6,1.5,38.0,8.1,78,-73963,1352838,49926,123889
Danny Rose,DEF,Watford,377,80,11,0,True,2021-10-16T11:30:00Z,0,5,8,90,0,0,0,5,0,0,0,0,0,0,0,10,23.4,0.3,0.0,2.4,43,-603,26756,1969,2572
Danny Ward,GK,Leicester,204,75,13,0,True,2021-10-16T14:00:00Z,4,2,8,0,0,0,0,0,0,0,0,0,0,0,0,0,0.0,0.0,0.0,0.0,40,-3361,416152,7403,10764
Danny Welbeck,FWD,Brighton,447,78,15,0,False,2021-10-16T14:00:00Z,0,0,8,0,0,0,0,0,0,0,0,0,0,0,0,0,0.0,0.0,0.0,0.0,60,-5380,17711,297,5677
Dan Burn,DEF,Brighton,58,78,15,5,False,2021-10-16T14:00:00Z,0,0,8,90,0,0,1,0,0,0,0,1,0,0,0,19,23.4,3.9,2.0,2.9,44,1409,4533,1731,322
Dan Gosling,MID,Watford,378,80,11,0,True,2021-10-16T11:30:00Z,0,5,8,0,0,0,0,0,0,0,0,0,0,0,0,0,0.0,0.0,0.0,0.0,48,-55,2563,148,203
Darren Randolph,GK,West Ham,407,74,8,0,False,2021-10-17T13:00:00Z,0,1,8,0,0,0,0,0,0,0,0,0,0,0,0,0,0.0,0.0,0.0,0.0,44,-323,12315,143,466
David de Gea,GK,Man Utd,270,75,9,2,False,2021-10-16T14:00:00Z,4,2,8,90,0,0,0,4,0,0,0,0,0,7,0,22,51.6,0.0,0.0,5.2,51,-15550,540369,27148,42698
David Raya Martin,GK,Brentford,80,73,6,2,True,2021-10-16T16:30:00Z,0,1,8,90,0,0,0,1,0,0,0,0,0,0,0,13,6.8,0.0,0.0,0.7,46,22513,857157,52462,29949
Davinson Sánchez,DEF,Spurs,367,77,14,0,False,2021-10-17T15:30:00Z,2,3,8,0,0,0,0,0,0,0,0,0,0,0,0,0,0.0,0.0,0.0,0.0,45,-18581,128675,2012,20593
Davy Pröpper,MID,Brighton,57,78,15,0,False,2021-10-16T14:00:00Z,0,0,8,0,0,0,0,0,0,0,0,0,0,0,0,0,0.0,0.0,0.0,0.0,45,-1,47,0,1
Dean Henderson,GK,Man Utd,280,75,9,0,False,2021-10-16T14:00:00Z,4,2,8,0,0,0,0,0,0,0,0,0,0,0,0,0,0.0,0.0,0.0,0.0,48,-1581,38850,262,1843
Declan Rice,MID,West Ham,421,74,8,3,False,2021-10-17T13:00:00Z,0,1,8,90,0,0,1,0,0,0,0,0,0,0,0,16,23.8,25.7,3.0,5.3,50,-5017,392316,21411,26428
Demarai Gray,MID,Everton,484,74,19,2,True,2021-10-17T13:00:00Z,0,1,8,90,0,0,0,1,0,0,0,0,0,0,0,16,16.0,36.2,27.0,7.9,58,-6162,1591226,109395,115557
Dennis Praet,MID,Leicester,206,75,13,0,True,2021-10-16T14:00:00Z,4,2,8,0,0,0,0,0,0,0,0,0,0,0,0,0,0.0,0.0,0.0,0.0,49,-105,1884,0,105
Diego Llorente,DEF,Leeds,190,79,16,1,False,2021-10-16T14:00:00Z,1,0,8,90,0,0,0,1,0,0,0,1,0,0,0,12,17.0,3.7,0.0,2.1,45,19669,29837,22489,2820
Dilan Markanday,MID,Spurs,597,77,14,0,False,2021-10-17T15:30:00Z,2,3,8,0,0,0,0,0,0,0,0,0,0,0,0,0,0.0,0.0,0.0,0.0,45,-7,1122,137,144
Dimitris Giannoulis,DEF,Norwich,457,78,4,7,True,2021-10-16T14:00:00Z,0,0,8,90,0,0,1,0,0,0,0,1,0,0,2,27,20.2,26.1,2.0,4.8,44,-8,5102,123,131
Diogo Jota,MID,Liverpool,240,80,18,0,False,2021-10-16T11:30:00Z,0,5,8,0,0,0,0,0,0,0,0,0,0,0,0,0,0.0,0.0,0.0,0.0,76,-154543,1328230,85411,239954
Divock Origi,FWD,Liverpool,235,80,18,0,False,2021-10-16T11:30:00Z,0,5,8,0,0,0,0,0,0,0,0,0,0,0,0,0,0.0,0.0,0.0,0.0,49,-2576,90697,4906,7482
Domingos Quina,MID,Watford,397,80,11,0,True,2021-10-16T11:30:00Z,0,5,8,0,0,0,0,0,0,0,0,0,0,0,0,0,0.0,0.0,0.0,0.0,45,-279,3312,0,279
Dominic Calvert-Lewin,FWD,Everton,177,74,19,0,True,2021-10-17T13:00:00Z,0,1,8,0,0,0,0,0,0,0,0,0,0,0,0,0,0.0,0.0,0.0,0.0,80,-28053,290329,4240,32293
Dominic Thompson,DEF,Brentford,498,73,6,0,True,2021-10-16T16:30:00Z,0,1,8,0,0,0,0,0,0,0,0,0,0,0,0,0,0.0,0.0,0.0,0.0,44,-20,4141,170,190
Donny van de Beek,MID,Man Utd,282,75,9,0,False,2021-10-16T14:00:00Z,4,2,8,0,0,0,0,0,0,0,0,0,0,0,0,0,0.0,0.0,0.0,0.0,57,-264,9528,342,606
Douglas Luiz Soares de Paulo,MID,Aston Villa,50,72,20,3,True,2021-10-16T14:00:00Z,2,3,8,67,0,0,1,0,0,0,0,0,0,0,0,16,12.4,11.9,1.0,2.5,46,51165,314904,90790,39625
Dwight Gayle,FWD,Newcastle,300,77,17,0,True,2021-10-17T15:30:00Z,2,3,8,0,0,0,0,0,0,0,0,0,0,0,0,0,0.0,0.0,0.0,0.0,53,-233,12617,749,982
Dwight McNeil,MID,Burnley,118,76,12,2,False,2021-10-16T14:00:00Z,2,0,8,90,0,0,0,2,0,0,0,0,0,0,0,21,11.6,29.7,0.0,4.1,59,-3706,18274,831,4537
Eberechi Eze,MID,Crystal Palace,160,71,1,0,False,2021-10-18T19:00:00Z,2,2,8,0,0,0,0,0,0,0,0,0,0,0,0,0,0.0,0.0,0.0,0.0,59,-113,2166,72,185
Ederson Santana de Moraes,GK,Man City,257,76,5,0,True,2021-10-16T14:00:00Z,2,0,8,0,0,0,0,0,0,0,0,0,0,0,0,0,0.0,0.0,0.0,0.0,60,-46488,787051,50669,97157
Edinson Cavani,FWD,Man Utd,269,75,9,0,False,2021-10-16T14:00:00Z,4,2,8,0,0,0,0,0,0,0,0,0,0,0,0,0,0.0,0.0,0.0,0.0,84,-4943,151574,2055,6998
Edouard Mendy,GK,Chelsea,143,73,3,9,False,2021-10-16T16:30:00Z,0,1,8,90,0,0,1,0,0,0,0,0,0,6,1,32,47.2,0.0,0.0,4.7,60,70244,1171595,112694,42450
Edward Nketiah,FWD,Arsenal,20,71,7,0,True,2021-10-18T19:00:00Z,2,2,8,0,0,0,0,0,0,0,0,0,0,0,0,0,0.0,0.0,0.0,0.0,54,5,8644,779,774
Eldin Jakupovic,GK,Leicester,573,75,13,0,True,2021-10-16T14:00:00Z,4,2,8,0,0,0,0,0,0,0,0,0,0,0,0,0,0.0,0.0,0.0,0.0,40,170,6280,437,267
Ellery Balcombe,GK,Brentford,92,73,6,0,True,2021-10-16T16:30:00Z,0,1,8,0,0,0,0,0,0,0,0,0,0,0,0,0,0.0,0.0,0.0,0.0,40,-31,821,0,31
Elliot Anderson,MID,Newcastle,609,77,17,0,True,2021-10-17T15:30:00Z,2,3,8,0,0,0,0,0,0,0,0,0,0,0,0,0,0.0,0.0,0.0,0.0,45,298,990,455,157
Ellis Simms,FWD,Everton,602,74,19,0,True,2021-10-17T13:00:00Z,0,1,8,0,0,0,0,0,0,0,0,0,0,0,0,0,0.0,0.0,0.0,0.0,45,680,11185,2491,1811
Emerson Aparecido Leite de Souza Junior,DEF,Spurs,588,77,14,0,False,2021-10-17T15:30:00Z,2,3,8,90,0,0,0,2,0,0,0,1,0,0,0,6,15.2,2.7,0.0,1.8,50,-1681,16195,1381,3062
Emerson Palmieri dos Santos,DEF,Chelsea,539,73,3,0,False,2021-10-16T16:30:00Z,0,1,8,0,0,0,0,0,0,0,0,0,0,0,0,0,0.0,0.0,0.0,0.0,45,-33,1057,0,33
Emile Smith Rowe,MID,Arsenal,21,71,7,2,True,2021-10-18T19:00:00Z,2,2,8,90,0,0,0,2,0,0,0,0,0,0,0,9,6.4,18.5,15.0,4.0,54,86775,514516,136368,49593
Emiliano Buendía Stati,MID,Aston Villa,43,72,20,3,True,2021-10-16T14:00:00Z,2,3,8,73,0,0,1,0,0,0,0,0,0,0,0,18,6.0,27.8,7.0,4.1,63,-7167,107935,4081,11248
Emiliano Martínez,GK,Aston Villa,30,72,20,1,True,2021-10-16T14:00:00Z,2,3,8,90,0,0,0,3,0,0,0,0,0,1,0,13,12.4,0.0,0.0,1.2,55,18192,1219462,58255,40063
Emil Krafth,DEF,Newcastle,303,77,17,0,True,2021-10-17T15:30:00Z,2,3,8,0,0,0,0,0,0,0,0,0,0,0,0,0,0.0,0.0,0.0,0.0,44,-136,4140,47,183
Emmanuel Dennis,FWD,Watford,450,80,11,2,True,2021-10-16T11:30:00Z,0,5,8,68,0,0,0,4,0,0,0,0,0,0,0,5,1.6,5.5,0.0,0.7,52,-102564,831870,37440,140004
Enock Mwepu,MID,Brighton,462,78,15,0,False,2021-10-16T14:00:00Z,0,0,8,0,0,0,0,0,0,0,0,0,0,0,0,0,0.0,0.0,0.0,0.0,59,-311,3865,60,371
Eric Bailly,DEF,Man Utd,286,75,9,0,False,2021-10-16T14:00:00Z,4,2,8,0,0,0,0,0,0,0,0,0,0,0,0,0,0.0,0.0,0.0,0.0,49,581,8273,1014,433
Eric Dier,DEF,Spurs,361,77,14,-1,False,2021-10-17T15:30:00Z,2,3,8,90,0,0,0,2,1,0,0,0,0,0,0,5,12.8,0.6,18.0,3.1,46,-17086,474608,13897,30983
Erik Lamela,MID,Spurs,356,77,14,0,False,2021-10-17T15:30:00Z,2,3,8,0,0,0,0,0,0,0,0,0,0,0,0,0,0.0,0.0,0.0,0.0,60,-6,346,0,6
Erik Pieters,DEF,Burnley,100,76,12,1,False,2021-10-16T14:00:00Z,2,0,8,90,0,0,0,2,0,0,0,0,0,0,0,10,18.6,1.3,0.0,2.0,43,-460,9155,142,602
Ethan Ampadu,DEF,Chelsea,139,73,3,0,False,2021-10-16T16:30:00Z,0,1,8,0,0,0,0,0,0,0,0,0,0,0,0,0,0.0,0.0,0.0,0.0,45,-197,4045,0,197
Ethan Pinnock,DEF,Brentford,91,73,6,2,True,2021-10-16T16:30:00Z,0,1,8,90,0,0,0,1,0,0,0,0,0,0,0,19,20.4,25.8,29.0,7.5,46,45106,549052,65733,20627
Ezri Konsa Ngoyo,DEF,Aston Villa,45,72,20,1,True,2021-10-16T14:00:00Z,2,3,8,90,0,0,0,3,0,0,0,0,0,0,0,11,16.4,0.6,17.0,3.4,49,2886,64875,6537,3651
Fabian Delph,MID,Everton,163,74,19,0,True,2021-10-17T13:00:00Z,0,1,8,0,0,0,0,0,0,0,0,0,0,0,0,0,0.0,0.0,0.0,0.0,44,-3436,31545,2027,5463
Fabian Schär,DEF,Newcastle,305,77,17,0,True,2021-10-17T15:30:00Z,2,3,8,0,0,0,0,0,0,0,0,0,0,0,0,0,0.0,0.0,0.0,0.0,43,-445,13565,216,661
Fabio Henrique Tavares,MID,Liverpool,232,80,18,0,False,2021-10-16T11:30:00Z,0,5,8,0,0,0,0,0,0,0,0,0,0,0,0,0,0.0,0.0,0.0,0.0,54,-7940,71548,4724,12664
Fabio Silva,FWD,Wolves,445,72,2,1,False,2021-10-16T14:00:00Z,2,3,8,16,0,0,0,0,0,0,0,0,0,0,0,6,1.2,10.3,4.0,1.6,57,-1717,35242,1323,3040
Federico Fernández,DEF,Newcastle,465,77,17,0,True,2021-10-17T15:30:00Z,2,3,8,0,0,0,0,0,0,0,0,0,0,0,0,0,0.0,0.0,0.0,0.0,44,-372,12995,307,679
Fernando Luiz Rosa,MID,Man City,453,76,5,1,True,2021-10-16T14:00:00Z,2,0,8,6,0,0,0,0,0,0,0,0,0,0,0,3,2.0,0.3,0.0,0.2,49,-1097,32000,1412,2509
Fernando Marçal,DEF,Wolves,432,72,2,1,False,2021-10-16T14:00:00Z,2,3,8,73,0,0,0,2,0,0,0,0,0,0,0,6,5.0,3.1,0.0,0.8,46,-23391,644049,42298,65689
Ferran Torres,MID,Man City,268,76,5,0,True,2021-10-16T14:00:00Z,2,0,8,0,0,0,0,0,0,0,0,0,0,0,0,0,0.0,0.0,0.0,0.0,69,-295277,432200,26317,321594
Finley Stevens,DEF,Brentford,569,73,6,0,True,2021-10-16T16:30:00Z,0,1,8,0,0,0,0,0,0,0,0,0,0,0,0,0,0.0,0.0,0.0,0.0,40,-241,21558,1227,1468
Florin Andone,FWD,Brighton,500,78,15,0,False,2021-10-16T14:00:00Z,0,0,8,0,0,0,0,0,0,0,0,0,0,0,0,0,0.0,0.0,0.0,0.0,50,-345,5350,0,345
Folarin Balogun,FWD,Arsenal,530,71,7,0,True,2021-10-18T19:00:00Z,2,2,8,0,0,0,0,0,0,0,0,0,0,0,0,0,0.0,0.0,0.0,0.0,48,-1307,30175,1697,3004
Francisco Casilla Cortés,GK,Leeds,183,79,16,0,False,2021-10-16T14:00:00Z,1,0,8,0,0,0,0,0,0,0,0,0,0,0,0,0,0.0,0.0,0.0,0.0,45,-19,467,0,19
Francisco Femenía Far,DEF,Watford,382,80,11,-1,True,2021-10-16T11:30:00Z,0,5,8,55,0,0,0,4,0,0,0,0,0,0,0,2,3.4,0.2,0.0,0.4,44,-562,6720,512,1074
Francisco Machado Mota de Castro Trincão,MID,Wolves,461,72,2,0,False,2021-10-16T14:00:00Z,2,3,8,0,0,0,0,0,0,0,0,0,0,0,0,0,0.0,0.0,0.0,0.0,59,-17143,46204,968,18111
Francisco Sierralta,DEF,Watford,396,80,11,0,True,2021-10-16T11:30:00Z,0,5,8,0,0,0,0,0,0,0,0,0,0,0,0,0,0.0,0.0,0.0,0.0,43,-1019,5983,189,1208
Frank Onyeka,MID,Brentford,479,73,6,2,True,2021-10-16T16:30:00Z,0,1,8,66,0,0,0,1,0,0,0,0,0,0,0,4,1.8,1.0,0.0,0.3,49,276,6163,781,505
Fraser Forster,GK,Southampton,333,79,10,0,True,2021-10-16T14:00:00Z,1,0,8,0,0,0,0,0,0,0,0,0,0,0,0,0,0.0,0.0,0.0,0.0,44,-2422,66065,1498,3920
Freddie Woodman,GK,Newcastle,513,77,17,0,True,2021-10-17T15:30:00Z,2,3,8,0,0,0,0,0,0,0,0,0,0,0,0,0,0.0,0.0,0.0,0.0,45,-3108,37219,67,3175
Frederico Rodrigues de Paula Santos,MID,Man Utd,274,75,9,0,False,2021-10-16T14:00:00Z,4,2,8,0,0,0,0,0,0,0,0,0,0,0,0,0,0.0,0.0,0.0,0.0,49,-3638,36898,1610,5248
Frederik Alves,DEF,West Ham,521,74,8,0,False,2021-10-17T13:00:00Z,0,1,8,0,0,0,0,0,0,0,0,0,0,0,0,0,0.0,0.0,0.0,0.0,40,-724,16039,0,724
Frédéric Guilbert,DEF,Aston Villa,46,72,20,0,True,2021-10-16T14:00:00Z,2,3,8,0,0,0,0,0,0,0,0,0,0,0,0,0,0.0,0.0,0.0,0.0,45,-56,1382,0,56
Gabriel Fernando de Jesus,FWD,Man City,263,76,5,0,True,2021-10-16T14:00:00Z,2,0,8,0,0,0,0,0,0,0,0,0,0,0,0,0,0.0,0.0,0.0,0.0,86,-27975,540837,99052,127027
Gabriel Teodoro Martinelli Silva,MID,Arsenal,26,71,7,4,True,2021-10-18T19:00:00Z,2,2,8,9,0,1,0,0,0,0,0,0,0,0,0,7,3.0,1.1,33.0,3.7,52,-1192,13941,196,1388
Gabriel Magalhães,DEF,Arsenal,23,71,7,1,True,2021-10-18T19:00:00Z,2,2,8,90,0,0,0,2,0,0,0,0,0,0,0,11,13.8,2.3,6.0,2.2,50,14780,64155,19764,4984
Giovani Lo Celso,MID,Spurs,372,77,14,0,False,2021-10-17T15:30:00Z,2,3,8,0,0,0,0,0,0,0,0,0,0,0,0,0,0.0,0.0,0.0,0.0,59,-351,9213,489,840
Granit Xhaka,MID,Arsenal,7,71,7,0,True,2021-10-18T19:00:00Z,2,2,8,0,0,0,0,0,0,0,0,0,0,0,0,0,0.0,0.0,0.0,0.0,49,-2816,28992,77,2893
Grant Hanley,DEF,Norwich,319,78,4,6,True,2021-10-16T14:00:00Z,0,0,8,90,0,0,1,0,0,0,0,0,0,0,0,22,19.8,0.6,21.0,4.1,44,-87,11580,1089,1176
Gylfi Sigurdsson,MID,Everton,164,74,19,0,True,2021-10-17T13:00:00Z,0,1,8,0,0,0,0,0,0,0,0,0,0,0,0,0,0.0,0.0,0.0,0.0,68,-4908,71023,382,5290
Hakim Ziyech,MID,Chelsea,131,73,3,0,False,2021-10-16T16:30:00Z,0,1,8,0,0,0,0,0,0,0,0,0,0,0,0,0,0.0,0.0,0.0,0.0,73,-3750,26906,917,4667
Halil Dervişoğlu,FWD,Brentford,95,73,6,0,True,2021-10-16T16:30:00Z,0,1,8,0,0,0,0,0,0,0,0,0,0,0,0,0,0.0,0.0,0.0,0.0,54,-91,1370,0,91
Hamza Choudhury,MID,Leicester,214,75,13,0,True,2021-10-16T14:00:00Z,4,2,8,0,0,0,0,0,0,0,0,0,0,0,0,0,0.0,0.0,0.0,0.0,45,150,10852,842,692
Harrison Ashby,DEF,West Ham,617,74,8,0,False,2021-10-17T13:00:00Z,0,1,8,0,0,0,0,0,0,0,0,0,0,0,0,0,0.0,0.0,0.0,0.0,40,0,0,0,0
Harry Kane,FWD,Spurs,357,77,14,12,False,2021-10-17T15:30:00Z,2,3,8,90,1,1,0,2,0,0,0,0,0,0,3,42,53.6,28.4,35.0,11.7,121,-6630,419835,23217,29847
Harry Maguire,DEF,Man Utd,273,75,9,0,False,2021-10-16T14:00:00Z,4,2,8,90,0,0,0,4,0,0,0,0,0,0,0,10,14.0,0.6,4.0,1.9,54,-75475,498892,574,76049
Harry Tyrer,GK,Everton,616,74,19,0,True,2021-10-17T13:00:00Z,0,1,8,0,0,0,0,0,0,0,0,0,0,0,0,0,0.0,0.0,0.0,0.0,40,0,0,0,0
Harry Winks,MID,Spurs,366,77,14,0,False,2021-10-17T15:30:00Z,2,3,8,0,0,0,0,0,0,0,0,0,0,0,0,0,0.0,0.0,0.0,0.0,45,-4572,106594,2628,7200
Harvey Barnes,MID,Leicester,215,75,13,0,True,2021-10-16T14:00:00Z,4,2,8,0,0,0,0,0,0,0,0,0,0,0,0,0,0.0,0.0,0.0,0.0,67,-33327,290716,8674,42001
Harvey Elliott,MID,Liverpool,506,80,18,0,False,2021-10-16T11:30:00Z,0,5,8,0,0,0,0,0,0,0,0,0,0,0,0,0,0.0,0.0,0.0,0.0,54,-941,7864,55,996
Haydon Roberts,DEF,Brighton,560,78,15,0,False,2021-10-16T14:00:00Z,0,0,8,0,0,0,0,0,0,0,0,0,0,0,0,0,0.0,0.0,0.0,0.0,40,-359,16253,740,1099
Hee-Chan Hwang,FWD,Wolves,583,72,2,2,False,2021-10-16T14:00:00Z,2,3,8,87,0,0,0,2,0,0,0,0,0,0,0,-1,0.0,4.8,20.0,1.9,56,321256,501426,363259,42003
Heung-Min Son,MID,Spurs,359,77,14,9,False,2021-10-17T15:30:00Z,2,3,8,90,1,0,0,2,0,0,0,0,0,0,2,32,44.8,62.7,39.0,14.7,101,145974,1186844,221307,75333
Hugo Lloris,GK,Spurs,353,77,14,1,False,2021-10-17T15:30:00Z,2,3,8,90,0,0,0,2,0,0,0,0,0,0,0,8,2.8,0.0,0.0,0.3,55,-516,814377,38514,39030
Héctor Junior Firpo Adames,DEF,Leeds,463,79,16,0,False,2021-10-16T14:00:00Z,1,0,8,0,0,0,0,0,0,0,0,0,0,0,0,0,0.0,0.0,0.0,0.0,48,1172,43972,4486,3314
Héctor Bellerín,DEF,Arsenal,9,71,7,0,True,2021-10-18T19:00:00Z,2,2,8,0,0,0,0,0,0,0,0,0,0,0,0,0,0.0,0.0,0.0,0.0,48,-1186,21792,0,1186
Hélder Wander Sousa de Azevedo e Costa,MID,Leeds,192,79,16,0,False,2021-10-16T14:00:00Z,1,0,8,0,0,0,0,0,0,0,0,0,0,0,0,0,0.0,0.0,0.0,0.0,54,-350,5229,0,350
Ian Carlo Poveda-Ocampo,MID,Leeds,195,79,16,0,False,2021-10-16T14:00:00Z,1,0,8,0,0,0,0,0,0,0,0,0,0,0,0,0,0.0,0.0,0.0,0.0,45,-157,2410,0,157
Ibrahima Diallo,MID,Southampton,349,79,10,3,True,2021-10-16T14:00:00Z,1,0,8,90,0,0,1,0,0,0,0,0,0,0,0,18,9.4,3.1,0.0,1.3,45,-117,10879,661,778
Ibrahima Konaté,DEF,Liverpool,243,80,18,0,False,2021-10-16T11:30:00Z,0,5,8,0,0,0,0,0,0,0,0,0,0,0,0,0,0.0,0.0,0.0,0.0,52,-4435,96617,1612,6047
Ilkay Gündogan,MID,Man City,250,76,5,0,True,2021-10-16T14:00:00Z,2,0,8,0,0,0,0,0,0,0,0,0,0,0,0,0,0.0,0.0,0.0,0.0,72,-18644,203414,9479,28123
Illan Meslier,GK,Leeds,199,79,16,3,False,2021-10-16T14:00:00Z,1,0,8,90,0,0,0,1,0,0,0,0,0,3,0,15,22.4,0.0,0.0,2.2,50,1007,246335,14332,13325
Imrân Louza,MID,Watford,403,80,11,0,True,2021-10-16T11:30:00Z,0,5,8,0,0,0,0,0,0,0,0,0,0,0,0,0,0.0,0.0,0.0,0.0,53,-69,2113,63,132
Isaac Hayden,MID,Newcastle,306,77,17,1,True,2021-10-17T15:30:00Z,2,3,8,90,0,0,0,3,0,0,0,1,0,0,0,4,18.8,0.9,0.0,2.0,45,361,11034,1247,886
Isaac Success Ajayi,FWD,Watford,393,80,11,0,True,2021-10-16T11:30:00Z,0,5,8,0,0,0,0,0,0,0,0,0,0,0,0,0,0.0,0.0,0.0,0.0,50,-946,11922,0,946
Ismaila Sarr,MID,Watford,399,80,11,2,True,2021-10-16T11:30:00Z,0,5,8,90,0,0,0,5,0,0,0,0,0,0,0,3,3.0,8.7,31.0,4.3,63,-145843,1414421,104061,249904
Issa Diop,DEF,West Ham,424,74,8,0,False,2021-10-17T13:00:00Z,0,1,8,0,0,0,0,0,0,0,0,0,0,0,0,0,0.0,0.0,0.0,0.0,43,-702,22795,562,1264
Ivan Toney,FWD,Brentford,78,73,6,2,True,2021-10-16T16:30:00Z,0,1,8,90,0,0,0,1,0,0,0,0,0,0,0,4,12.8,1.5,39.0,5.3,64,26852,1270414,127563,100711
Jack Butland,GK,Crystal Palace,156,71,1,0,False,2021-10-18T19:00:00Z,2,2,8,0,0,0,0,0,0,0,0,0,0,0,0,0,0.0,0.0,0.0,0.0,44,-915,29382,203,1118
Jack Cork,MID,Burnley,101,76,12,2,False,2021-10-16T14:00:00Z,2,0,8,71,0,0,0,2,0,0,0,0,0,0,0,5,3.6,1.4,2.0,0.7,45,10,13283,1261,1251
Jack Grealish,MID,Man City,33,76,5,0,True,2021-10-16T14:00:00Z,2,0,8,0,0,0,0,0,0,0,0,0,0,0,0,0,0.0,0.0,0.0,0.0,79,28407,1520995,170723,142316
Jack Harrison,MID,Leeds,267,79,16,2,False,2021-10-16T14:00:00Z,1,0,8,90,0,0,0,1,0,0,0,0,0,0,0,1,5.8,1.3,24.0,3.1,58,-12059,108635,1727,13786
Jack Stephens,DEF,Southampton,338,79,10,0,True,2021-10-16T14:00:00Z,1,0,8,0,0,0,0,0,0,0,0,0,0,0,0,0,0.0,0.0,0.0,0.0,44,-663,5933,24,687
Jacob Murphy,MID,Newcastle,304,77,17,4,True,2021-10-17T15:30:00Z,2,3,8,13,0,1,0,0,0,0,0,0,0,0,0,15,4.4,1.6,8.0,1.4,50,-7501,57979,887,8388
Jacob Ramsey,MID,Aston Villa,51,72,20,1,True,2021-10-16T14:00:00Z,2,3,8,16,0,0,0,3,0,0,0,0,0,0,0,1,2.0,0.3,0.0,0.2,45,3004,47101,6914,3910
Jacob Sørensen,DEF,Norwich,327,78,4,0,True,2021-10-16T14:00:00Z,0,0,8,0,0,0,0,0,0,0,0,0,0,0,0,0,0.0,0.0,0.0,0.0,43,-192,4479,40,232
Jaden Philogene-Bidace,MID,Aston Villa,497,72,20,0,True,2021-10-16T14:00:00Z,2,3,8,0,0,0,0,0,0,0,0,0,0,0,0,0,0.0,0.0,0.0,0.0,50,-2,1364,80,82
Jadon Sancho,MID,Man Utd,485,75,9,2,False,2021-10-16T14:00:00Z,4,2,8,64,0,0,0,1,0,0,0,0,0,0,0,19,9.4,35.6,6.0,5.1,90,-8740,163835,2374,11114
Jairo Riedewald,MID,Crystal Palace,157,71,1,0,False,2021-10-18T19:00:00Z,2,2,8,0,0,0,0,0,0,0,0,0,0,0,0,0,0.0,0.0,0.0,0.0,48,-38,2581,122,160
Jakub Moder,MID,Brighton,75,78,15,3,False,2021-10-16T14:00:00Z,0,0,8,83,0,0,1,0,0,0,0,0,0,0,0,12,2.0,9.6,25.0,3.7,45,811,68765,5373,4562
Jamaal Lascelles,DEF,Newcastle,299,77,17,1,True,2021-10-17T15:30:00Z,2,3,8,90,0,0,0,3,0,0,0,0,0,0,0,20,34.4,10.3,4.0,4.9,44,-1278,15837,163,1441
Jamal Baptiste,DEF,West Ham,554,74,8,0,False,2021-10-17T13:00:00Z,0,1,8,0,0,0,0,0,0,0,0,0,0,0,0,0,0.0,0.0,0.0,0.0,40,-423,22681,797,1220
Jamal Lewis,DEF,Newcastle,311,77,17,0,True,2021-10-17T15:30:00Z,2,3,8,0,0,0,0,0,0,0,0,0,0,0,0,0,0.0,0.0,0.0,0.0,43,-319,8370,163,482
James Justin,DEF,Leicester,218,75,13,0,True,2021-10-16T14:00:00Z,4,2,8,0,0,0,0,0,0,0,0,0,0,0,0,0,0.0,0.0,0.0,0.0,49,-33,1682,36,69
James Maddison,MID,Leicester,212,75,13,2,True,2021-10-16T14:00:00Z,4,2,8,72,0,0,0,1,0,0,0,0,0,0,0,10,4.4,10.6,30.0,4.5,67,-31647,326756,3715,35362
James McArthur,MID,Crystal Palace,148,71,1,1,False,2021-10-18T19:00:00Z,2,2,8,90,0,0,0,2,0,0,0,1,0,0,0,9,12.4,12.7,0.0,2.5,46,-21704,303672,5815,27519
James Milner,MID,Liverpool,221,80,18,7,False,2021-10-16T11:30:00Z,0,5,8,82,0,1,1,0,0,0,0,0,0,0,1,35,36.2,48.5,6.0,9.1,49,620,8288,1517,897
James Rodríguez,MID,Everton,166,74,19,0,True,2021-10-17T13:00:00Z,0,1,8,0,0,0,0,0,0,0,0,0,0,0,0,0,0.0,0.0,0.0,0.0,69,-1486,47537,0,1486
James Tarkowski,DEF,Burnley,98,76,12,1,False,2021-10-16T14:00:00Z,2,0,8,90,0,0,0,2,0,0,0,0,0,0,0,17,24.8,0.3,6.0,3.1,50,-13668,104517,2103,15771
James Tomkins,DEF,Crystal Palace,147,71,1,1,False,2021-10-18T19:00:00Z,2,2,8,8,0,0,0,1,0,0,0,0,0,0,0,3,2.0,0.0,0.0,0.2,44,-258,8318,141,399
James Ward-Prowse,MID,Southampton,341,79,10,0,True,2021-10-16T14:00:00Z,1,0,8,0,0,0,0,0,0,0,0,0,0,0,0,0,0.0,0.0,0.0,0.0,64,-62119,191458,1164,63283
Jamie Shackleton,MID,Leeds,197,79,16,2,False,2021-10-16T14:00:00Z,1,0,8,90,0,0,0,1,0,0,0,0,0,0,0,16,23.4,3.3,4.0,3.1,45,992,15352,2362,1370
Jamie Vardy,FWD,Leicester,205,75,13,8,True,2021-10-16T14:00:00Z,4,2,8,90,1,0,0,2,0,0,0,0,0,0,2,32,40.4,24.1,46.0,11.1,105,170698,1284387,242885,72187
Jannik Vestergaard,DEF,Leicester,340,75,13,1,True,2021-10-16T14:00:00Z,4,2,8,2,0,0,0,0,0,0,0,0,0,0,0,3,0.4,0.1,0.0,0.1,49,-9933,67958,1468,11401
Jan Bednarek,DEF,Southampton,343,79,10,5,True,2021-10-16T14:00:00Z,1,0,8,90,0,0,1,0,0,0,0,1,0,0,0,16,8.0,0.6,0.0,0.9,44,252,62317,3786,3534
Jan Zamburek,MID,Brentford,93,73,6,0,True,2021-10-16T16:30:00Z,0,1,8,0,0,0,0,0,0,0,0,0,0,0,0,0,0.0,0.0,0.0,0.0,45,-2763,68855,728,3491
Japhet Tanganga,DEF,Spurs,371,77,14,0,False,2021-10-17T15:30:00Z,2,3,8,0,0,0,0,0,0,0,0,0,0,0,0,0,0.0,0.0,0.0,0.0,45,-18437,158502,2336,20773
Jarosław Jach,DEF,Crystal Palace,158,71,1,0,False,2021-10-18T19:00:00Z,2,2,8,0,0,0,0,0,0,0,0,0,0,0,0,0,0.0,0.0,0.0,0.0,44,-109,3359,33,142
Jarrad Branthwaite,DEF,Everton,544,74,19,0,True,2021-10-17T13:00:00Z,0,1,8,0,0,0,0,0,0,0,0,0,0,0,0,0,0.0,0.0,0.0,0.0,40,-696,19612,627,1323
Jarrod Bowen,MID,West Ham,420,74,8,6,False,2021-10-17T13:00:00Z,0,1,8,90,0,1,1,0,0,0,0,0,0,0,0,25,31.4,31.2,64.0,12.7,63,5006,79395,11385,6379
Jason Steele,GK,Brighton,54,78,15,0,False,2021-10-16T14:00:00Z,0,0,8,0,0,0,0,0,0,0,0,0,0,0,0,0,0.0,0.0,0.0,0.0,40,-18730,258279,3144,21874
Javier Manquillo,DEF,Newcastle,302,77,17,4,True,2021-10-17T15:30:00Z,2,3,8,90,0,1,0,3,0,0,0,0,0,0,0,31,39.4,14.5,2.0,5.6,40,23728,774929,60077,36349
Jay Rodriguez,FWD,Burnley,104,76,12,1,False,2021-10-16T14:00:00Z,2,0,8,8,0,0,0,0,0,0,0,0,0,0,0,3,0.0,0.1,0.0,0.0,53,-1974,44831,1498,3472
Jean-Philippe Gbamin,MID,Everton,504,74,19,0,True,2021-10-17T13:00:00Z,0,1,8,0,0,0,0,0,0,0,0,0,0,0,0,0,0.0,0.0,0.0,0.0,45,-138,2650,106,244
Jean-Philippe Mateta,FWD,Crystal Palace,159,71,1,0,False,2021-10-18T19:00:00Z,2,2,8,0,0,0,0,0,0,0,0,0,0,0,0,0,0.0,0.0,0.0,0.0,53,-274,6408,288,562
Jed Steer,GK,Aston Villa,28,72,20,0,True,2021-10-16T14:00:00Z,2,3,8,0,0,0,0,0,0,0,0,0,0,0,0,0,0.0,0.0,0.0,0.0,40,-4756,300746,7643,12399
Jeffrey Schlupp,MID,Crystal Palace,155,71,1,0,False,2021-10-18T19:00:00Z,2,2,8,0,0,0,0,0,0,0,0,0,0,0,0,0,0.0,0.0,0.0,0.0,54,174,3718,331,157
Jeff Hendrick,MID,Newcastle,297,77,17,0,True,2021-10-17T15:30:00Z,2,3,8,0,0,0,0,0,0,0,0,0,0,0,0,0,0.0,0.0,0.0,0.0,48,1024,4770,1421,397
Jeremy Ngakia,DEF,Watford,400,80,11,1,True,2021-10-16T11:30:00Z,0,5,8,34,0,0,0,1,0,0,0,0,0,0,0,8,15.4,14.1,0.0,3.0,44,-157,3885,61,218
Jeremy Sarmiento,MID,Brighton,612,78,15,0,False,2021-10-16T14:00:00Z,0,0,8,0,0,0,0,0,0,0,0,0,0,0,0,0,0.0,0.0,0.0,0.0,45,95,182,126,31
Jesse Lingard,MID,Man Utd,276,75,9,1,False,2021-10-16T14:00:00Z,4,2,8,10,0,0,0,2,0,0,0,0,0,0,0,8,9.4,11.5,7.0,2.8,69,-6814,105882,3955,10769
Jesurun Rak-Sakyi,MID,Crystal Palace,541,71,1,0,False,2021-10-18T19:00:00Z,2,2,8,0,0,0,0,0,0,0,0,0,0,0,0,0,0.0,0.0,0.0,0.0,45,-18,1791,113,131
Joachim Andersen,DEF,Crystal Palace,488,71,1,1,False,2021-10-18T19:00:00Z,2,2,8,90,0,0,0,2,0,0,0,0,0,0,0,15,12.6,1.3,2.0,1.6,45,-1759,39391,810,2569
Joelinton Cássio Apolinário de Lira,FWD,Newcastle,310,77,17,1,True,2021-10-17T15:30:00Z,2,3,8,90,0,0,0,3,0,0,0,1,0,0,0,-5,8.4,17.5,8.0,3.4,58,-834,33943,2942,3776
Joel Matip,DEF,Liverpool,224,80,18,6,False,2021-10-16T11:30:00Z,0,5,8,90,0,0,1,0,0,0,0,0,0,0,0,25,12.4,2.8,4.0,1.9,50,9918,295642,29087,19169
Joel Ward,DEF,Crystal Palace,474,71,1,1,False,2021-10-18T19:00:00Z,2,2,8,90,0,0,0,2,0,0,0,0,0,0,0,11,8.2,1.8,0.0,1.0,45,-611,23445,606,1217
Joe Gelhardt,FWD,Leeds,577,79,16,1,False,2021-10-16T14:00:00Z,1,0,8,13,0,0,0,0,0,0,0,0,0,0,0,2,0.2,0.3,0.0,0.1,45,-998,25239,1817,2815
Joe Hart,GK,Spurs,352,77,14,0,False,2021-10-17T15:30:00Z,2,3,8,0,0,0,0,0,0,0,0,0,0,0,0,0,0.0,0.0,0.0,0.0,45,-59,1723,0,59
Joe Rodon,DEF,Spurs,374,77,14,0,False,2021-10-17T15:30:00Z,2,3,8,0,0,0,0,0,0,0,0,0,0,0,0,0,0.0,0.0,0.0,0.0,44,-210,5977,159,369
Joe White,MID,Newcastle,599,77,17,0,True,2021-10-17T15:30:00Z,2,3,8,0,0,0,0,0,0,0,0,0,0,0,0,0,0.0,0.0,0.0,0.0,45,-82,5481,574,656
Johann Berg Gudmundsson,MID,Burnley,108,76,12,1,False,2021-10-16T14:00:00Z,2,0,8,18,0,0,0,0,0,0,0,0,0,0,0,3,0.2,0.3,0.0,0.1,55,-1204,5731,86,1290
John McGinn,MID,Aston Villa,35,72,20,13,True,2021-10-16T14:00:00Z,2,3,8,90,1,1,0,3,0,0,0,0,0,0,3,49,70.8,50.6,8.0,12.9,58,627,59182,4446,3819
John Ruddy,GK,Wolves,452,72,2,0,False,2021-10-16T14:00:00Z,2,3,8,0,0,0,0,0,0,0,0,0,0,0,0,0,0.0,0.0,0.0,0.0,44,-480,16112,223,703
John Stones,DEF,Man City,252,76,5,6,True,2021-10-16T14:00:00Z,2,0,8,90,0,0,1,0,0,0,0,0,0,0,0,24,6.8,0.5,0.0,0.7,53,-6637,261493,6461,13098
Jonathan Castro Otto,DEF,Wolves,433,72,2,0,False,2021-10-16T14:00:00Z,2,3,8,0,0,0,0,0,0,0,0,0,0,0,0,0,0.0,0.0,0.0,0.0,45,-9,528,53,62
Jonjoe Kenny,DEF,Everton,502,74,19,0,True,2021-10-17T13:00:00Z,0,1,8,0,0,0,0,0,0,0,0,0,0,0,0,0,0.0,0.0,0.0,0.0,45,-189,7335,312,501
Jonjo Shelvey,MID,Newcastle,291,77,17,-2,True,2021-10-17T15:30:00Z,2,3,8,22,0,0,0,0,0,0,0,0,1,0,0,-5,0.0,0.2,0.0,0.0,53,-147,3976,106,253
Jonny Evans,DEF,Leicester,201,75,13,1,True,2021-10-16T14:00:00Z,4,2,8,87,0,0,0,2,0,0,0,0,0,0,0,13,17.8,0.3,0.0,1.8,54,-648,10903,121,769
Jordan Ayew,FWD,Crystal Palace,153,71,1,5,False,2021-10-18T19:00:00Z,2,2,8,70,0,1,0,1,0,0,0,0,0,0,0,19,25.2,12.8,7.0,4.5,59,-1791,44567,2336,4127
Jordan Henderson,MID,Liverpool,222,80,18,3,False,2021-10-16T11:30:00Z,0,5,8,90,0,0,1,0,0,0,0,0,0,0,0,11,12.0,6.3,0.0,1.8,50,7473,94146,15939,8466
Jordan Hugill,FWD,Norwich,322,78,4,0,True,2021-10-16T14:00:00Z,0,0,8,0,0,0,0,0,0,0,0,0,0,0,0,0,0.0,0.0,0.0,0.0,54,-70,1011,0,70
Jordan Pickford,GK,Everton,170,74,19,3,True,2021-10-17T13:00:00Z,0,1,8,90,0,0,0,1,0,0,0,0,0,3,0,17,29.4,0.0,0.0,2.9,50,-5449,433202,11219,16668
Jorge Luiz Frello Filho,MID,Chelsea,123,73,3,0,False,2021-10-16T16:30:00Z,0,1,8,0,0,0,0,0,0,0,0,0,0,0,0,0,0.0,0.0,0.0,0.0,59,-14279,309093,10925,25204
Joseph Gomez,DEF,Liverpool,238,80,18,0,False,2021-10-16T11:30:00Z,0,5,8,0,0,0,0,0,0,0,0,0,0,0,0,0,0.0,0.0,0.0,0.0,48,-803,42910,1234,2037
Joseph Hungbo,MID,Watford,402,80,11,0,True,2021-10-16T11:30:00Z,0,5,8,0,0,0,0,0,0,0,0,0,0,0,0,0,0.0,0.0,0.0,0.0,45,-80,1406,0,80
Joseph Willock,MID,Newcastle,19,77,17,2,True,2021-10-17T15:30:00Z,2,3,8,76,0,0,0,3,0,0,0,0,0,0,0,8,7.8,2.6,0.0,1.0,59,-8388,56822,980,9368
Joshua King,FWD,Watford,468,80,11,0,True,2021-10-16T11:30:00Z,0,5,8,0,0,0,0,0,0,0,0,0,0,0,0,0,0.0,0.0,0.0,0.0,55,-23859,60846,2856,26715
Joshua Sargent,FWD,Norwich,516,78,4,2,True,2021-10-16T14:00:00Z,0,0,8,75,0,0,1,0,0,0,0,0,0,0,0,2,8.2,34.5,36.0,7.9,54,448,9698,1441,993
Joshua Wilson-Esbrand,DEF,Man City,604,76,5,0,True,2021-10-16T14:00:00Z,2,0,8,0,0,0,0,0,0,0,0,0,0,0,0,0,0.0,0.0,0.0,0.0,40,7,3827,492,485
Josh Benson,MID,Burnley,116,76,12,0,False,2021-10-16T14:00:00Z,2,0,8,0,0,0,0,0,0,0,0,0,0,0,0,0,0.0,0.0,0.0,0.0,45,-6,216,0,6
Josh Brownhill,MID,Burnley,115,76,12,2,False,2021-10-16T14:00:00Z,2,0,8,90,0,0,0,2,0,0,0,0,0,0,0,6,0.4,2.4,6.0,0.9,44,56368,300950,98239,41871
Josh Martin,MID,Norwich,330,78,4,0,True,2021-10-16T14:00:00Z,0,0,8,0,0,0,0,0,0,0,0,0,0,0,0,0,0.0,0.0,0.0,0.0,50,-1,32,0,1
José Diogo Dalot Teixeira,DEF,Man Utd,510,75,9,0,False,2021-10-16T14:00:00Z,4,2,8,0,0,0,0,0,0,0,0,0,0,0,0,0,0.0,0.0,0.0,0.0,44,-252,6456,459,711
José Malheiro de Sá,GK,Wolves,475,72,2,2,False,2021-10-16T14:00:00Z,2,3,8,90,0,0,0,2,0,0,0,0,0,3,0,15,26.4,0.0,0.0,2.6,50,4500,225363,27801,23301
João Filipe Iria Santos Moutinho,MID,Wolves,426,72,2,2,False,2021-10-16T14:00:00Z,2,3,8,73,0,0,0,2,0,0,0,0,0,0,0,15,15.8,29.3,0.0,4.5,50,-1793,55486,5778,7571
João Pedro Cavaco Cancelo,DEF,Man City,256,76,5,6,True,2021-10-16T14:00:00Z,2,0,8,90,0,0,1,0,0,0,0,0,0,0,0,26,22.0,30.0,67.0,11.9,62,534690,1834094,573717,39027
João Pedro Junqueira de Jesus,FWD,Watford,404,80,11,1,True,2021-10-16T11:30:00Z,0,5,8,21,0,0,0,1,0,0,0,0,0,0,0,0,3.0,10.6,8.0,2.2,54,273,7016,876,603
João Virgínia,GK,Everton,181,74,19,0,True,2021-10-17T13:00:00Z,0,1,8,0,0,0,0,0,0,0,0,0,0,0,0,0,0.0,0.0,0.0,0.0,40,-5797,104430,0,5797
Joël Veltman,DEF,Brighton,62,78,15,0,False,2021-10-16T14:00:00Z,0,0,8,58,0,0,0,0,0,0,0,1,0,0,0,3,9.6,2.5,2.0,1.4,44,-3930,107179,14159,18089
Juan Camilo Hernández Suárez,FWD,Watford,472,80,11,2,True,2021-10-16T11:30:00Z,0,5,8,90,0,0,0,5,0,0,0,0,0,0,0,6,3.0,10.8,28.0,4.2,50,-12667,136672,6739,19406
Juan Mata,MID,Man Utd,459,75,9,0,False,2021-10-16T14:00:00Z,4,2,8,0,0,0,0,0,0,0,0,0,0,0,0,0,0.0,0.0,0.0,0.0,48,-68,4790,261,329
Juraj Kucka,MID,Watford,495,80,11,2,True,2021-10-16T11:30:00Z,0,5,8,90,0,0,0,5,0,0,0,0,0,0,0,8,23.6,1.3,7.0,3.2,55,-114,3546,426,540
Jürgen Locadia,FWD,Brighton,595,78,15,0,False,2021-10-16T14:00:00Z,0,0,8,0,0,0,0,0,0,0,0,0,0,0,0,0,0.0,0.0,0.0,0.0,45,-1249,39082,3411,4660
Kai Havertz,MID,Chelsea,141,73,3,1,False,2021-10-16T16:30:00Z,0,1,8,13,0,0,0,0,0,0,0,0,0,0,0,7,12.0,0.1,0.0,1.2,82,-44272,338118,11031,55303
Kalvin Phillips,MID,Leeds,191,79,16,0,False,2021-10-16T14:00:00Z,1,0,8,0,0,0,0,0,0,0,0,0,0,0,0,0,0.0,0.0,0.0,0.0,49,-15252,139132,3987,19239
Karl Darlow,GK,Newcastle,294,77,17,1,True,2021-10-17T15:30:00Z,2,3,8,90,0,0,0,3,0,0,0,0,0,1,0,12,7.8,0.0,0.0,0.8,45,-928,36576,1665,2593
Karl Hein,GK,Arsenal,532,71,7,0,True,2021-10-18T19:00:00Z,2,2,8,0,0,0,0,0,0,0,0,0,0,0,0,0,0.0,0.0,0.0,0.0,40,-609,46868,1193,1802
Kasper Schmeichel,GK,Leicester,200,75,13,2,True,2021-10-16T14:00:00Z,4,2,8,90,0,0,0,2,0,0,0,0,0,4,0,20,26.8,0.0,0.0,2.7,51,-97093,1479395,10278,107371
Keinan Davis,FWD,Aston Villa,49,72,20,0,True,2021-10-16T14:00:00Z,2,3,8,0,0,0,0,0,0,0,0,0,0,0,0,0,0.0,0.0,0.0,0.0,44,17978,129909,34743,16765
Kelechi Iheanacho,FWD,Leicester,213,75,13,5,True,2021-10-16T14:00:00Z,4,2,8,76,0,1,0,1,0,0,0,0,0,0,0,12,23.8,15.3,48.0,8.7,70,6451,201768,19047,12596
Kenny McLean,MID,Norwich,318,78,4,3,True,2021-10-16T14:00:00Z,0,0,8,90,0,0,1,0,0,0,0,0,0,0,0,9,3.2,1.7,0.0,0.5,49,-21,4080,448,469
Ken Sema,MID,Watford,391,80,11,0,True,2021-10-16T11:30:00Z,0,5,8,0,0,0,0,0,0,0,0,0,0,0,0,0,0.0,0.0,0.0,0.0,53,-165,2853,100,265
Kepa Arrizabalaga,GK,Chelsea,129,73,3,0,False,2021-10-16T16:30:00Z,0,1,8,0,0,0,0,0,0,0,0,0,0,0,0,0,0.0,0.0,0.0,0.0,49,-1048,22734,544,1592
Kevin De Bruyne,MID,Man City,251,76,5,11,True,2021-10-16T14:00:00Z,2,0,8,83,1,0,1,0,0,0,0,0,0,0,3,32,44.4,28.8,23.0,9.6,119,78794,231743,92160,13366
Kevin Long,DEF,Burnley,103,76,12,0,False,2021-10-16T14:00:00Z,2,0,8,0,0,0,0,0,0,0,0,0,0,0,0,0,0.0,0.0,0.0,0.0,40,1153,9761,1835,682
Ki-Jana Hoever,DEF,Wolves,443,72,2,0,False,2021-10-16T14:00:00Z,2,3,8,0,0,0,0,0,0,0,0,0,0,0,0,0,0.0,0.0,0.0,0.0,40,-7248,174509,3618,10866
Kieran Dowell,MID,Norwich,323,78,4,0,True,2021-10-16T14:00:00Z,0,0,8,0,0,0,0,0,0,0,0,0,0,0,0,0,0.0,0.0,0.0,0.0,52,-178,3059,69,247
Kieran Tierney,DEF,Arsenal,16,71,7,1,True,2021-10-18T19:00:00Z,2,2,8,90,0,0,0,2,0,0,0,0,0,0,0,16,10.2,19.5,6.0,3.6,49,35673,603062,59998,24325
Kiernan Dewsbury-Hall,MID,Leicester,505,75,13,0,True,2021-10-16T14:00:00Z,4,2,8,0,0,0,0,0,0,0,0,0,0,0,0,0,0.0,0.0,0.0,0.0,45,-102,3579,200,302
Kjell Scherpen,GK,Brighton,476,78,15,0,False,2021-10-16T14:00:00Z,0,0,8,0,0,0,0,0,0,0,0,0,0,0,0,0,0.0,0.0,0.0,0.0,45,43,2895,248,205
Konstantinos Mavropanos,DEF,Arsenal,24,71,7,0,True,2021-10-18T19:00:00Z,2,2,8,0,0,0,0,0,0,0,0,0,0,0,0,0,0.0,0.0,0.0,0.0,45,0,57,0,0
Konstantinos Tsimikas,DEF,Liverpool,245,80,18,1,False,2021-10-16T11:30:00Z,0,5,8,26,0,0,0,0,0,0,0,0,0,0,0,0,2.8,0.7,2.0,0.6,40,-105358,1372273,33624,138982
Kortney Hause,DEF,Aston Villa,36,72,20,0,True,2021-10-16T14:00:00Z,2,3,8,0,0,0,0,0,0,0,0,0,0,0,0,0,0.0,0.0,0.0,0.0,44,4078,31560,7912,3834
Kristoffer Ajer,DEF,Brentford,483,73,6,0,True,2021-10-16T16:30:00Z,0,1,8,0,0,0,0,0,0,0,0,0,0,0,0,0,0.0,0.0,0.0,0.0,45,-11518,94367,1624,13142
Kristoffer Klaesson,GK,Leeds,490,79,16,0,False,2021-10-16T14:00:00Z,1,0,8,0,0,0,0,0,0,0,0,0,0,0,0,0,0.0,0.0,0.0,0.0,44,-436,11337,198,634
Kurt Zouma,DEF,West Ham,128,74,8,8,False,2021-10-17T13:00:00Z,0,1,8,90,0,0,1,0,0,0,0,0,0,0,2,29,21.2,0.4,2.0,2.4,54,-2257,102510,6785,9042
Kwadwo Baah,MID,Watford,405,80,11,0,True,2021-10-16T11:30:00Z,0,5,8,0,0,0,0,0,0,0,0,0,0,0,0,0,0.0,0.0,0.0,0.0,45,200,7854,1049,849
Kyle Walker-Peters,DEF,Southampton,342,79,10,0,True,2021-10-16T14:00:00Z,1,0,8,0,0,0,0,0,0,0,0,0,0,0,0,0,0.0,0.0,0.0,0.0,48,280,40073,2543,2263
Kyle Walker,DEF,Man City,249,76,5,0,True,2021-10-16T14:00:00Z,2,0,8,0,0,0,0,0,0,0,0,0,0,0,0,0,0.0,0.0,0.0,0.0,55,105311,667248,130432,25121
Lamare Bogarde,DEF,Aston Villa,610,72,20,0,True,2021-10-16T14:00:00Z,2,3,8,0,0,0,0,0,0,0,0,0,0,0,0,0,0.0,0.0,0.0,0.0,40,1176,3307,1855,679
Leander Dendoncker,MID,Wolves,434,72,2,4,False,2021-10-16T14:00:00Z,2,3,8,90,0,1,0,2,0,0,0,1,0,0,0,20,18.0,24.8,5.0,4.8,48,-25,10941,980,1005
Leandro Trossard,MID,Brighton,64,78,15,3,False,2021-10-16T14:00:00Z,0,0,8,90,0,0,1,0,0,0,0,0,0,0,0,8,10.4,5.8,40.0,5.6,64,22178,127562,34230,12052
Leo Fuhr Hjelde,DEF,Leeds,608,79,16,0,False,2021-10-16T14:00:00Z,1,0,8,0,0,0,0,0,0,0,0,0,0,0,0,0,0.0,0.0,0.0,0.0,40,-23,819,132,155
Leon Bailey,MID,Aston Villa,492,72,20,0,True,2021-10-16T14:00:00Z,2,3,8,0,0,0,0,0,0,0,0,0,0,0,0,0,0.0,0.0,0.0,0.0,64,-3595,45223,1129,4724
Lewis Dobbin,FWD,Everton,607,74,19,0,True,2021-10-17T13:00:00Z,0,1,8,0,0,0,0,0,0,0,0,0,0,0,0,0,0.0,0.0,0.0,0.0,45,13640,29514,18477,4837
Lewis Dunk,DEF,Brighton,59,78,15,9,False,2021-10-16T14:00:00Z,0,0,8,90,0,0,1,0,0,0,0,0,0,0,3,34,38.8,0.7,19.0,5.9,50,26959,388075,41009,14050
Lewis Richardson,FWD,Burnley,533,76,12,0,False,2021-10-16T14:00:00Z,2,0,8,0,0,0,0,0,0,0,0,0,0,0,0,0,0.0,0.0,0.0,0.0,45,625,109556,10592,9967
Liam Cooper,DEF,Leeds,184,79,16,2,False,2021-10-16T14:00:00Z,1,0,8,90,0,0,0,1,0,0,0,0,0,0,0,14,18.0,0.3,0.0,1.8,45,1473,38925,5907,4434
Liam McCarron,MID,Leeds,576,79,16,0,False,2021-10-16T14:00:00Z,1,0,8,0,0,0,0,0,0,0,0,0,0,0,0,0,0.0,0.0,0.0,0.0,45,-57,1079,78,135
Louie Moulden,GK,Wolves,611,72,2,0,False,2021-10-16T14:00:00Z,2,3,8,0,0,0,0,0,0,0,0,0,0,0,0,0,0.0,0.0,0.0,0.0,40,3601,10338,4620,1019
Lucas Digne,DEF,Everton,168,74,19,2,True,2021-10-17T13:00:00Z,0,1,8,90,0,0,0,1,0,0,0,0,0,0,0,16,36.6,15.9,0.0,5.3,53,-76238,650063,8585,84823
Lucas Rodrigues Moura da Silva,MID,Spurs,362,77,14,2,False,2021-10-17T15:30:00Z,2,3,8,90,0,0,0,2,0,0,0,0,0,0,0,14,6.2,14.8,37.0,5.8,64,3173,56907,6872,3699
Lucas Torreira,MID,Arsenal,18,71,7,0,True,2021-10-18T19:00:00Z,2,2,8,0,0,0,0,0,0,0,0,0,0,0,0,0,0.0,0.0,0.0,0.0,45,-775,14597,0,775
Lukasz Fabianski,GK,West Ham,408,74,8,6,False,2021-10-17T13:00:00Z,0,1,8,90,0,0,1,0,0,0,0,0,0,2,0,23,15.8,0.0,0.0,1.6,50,-5419,165377,3827,9246
Lukas Rupp,MID,Norwich,317,78,4,1,True,2021-10-16T14:00:00Z,0,0,8,7,0,0,0,0,0,0,0,0,0,0,0,2,0.0,0.0,0.0,0.0,45,-780,9735,191,971
Luka Milivojevic,MID,Crystal Palace,152,71,1,2,False,2021-10-18T19:00:00Z,2,2,8,66,0,0,0,1,0,0,0,0,0,0,0,15,10.6,5.6,0.0,1.6,54,-31,3819,164,195
Luke Ayling,DEF,Leeds,185,79,16,0,False,2021-10-16T14:00:00Z,1,0,8,0,0,0,0,0,0,0,0,0,0,0,0,0,0.0,0.0,0.0,0.0,44,-159420,452929,402,159822
Luke Cundle,MID,Wolves,547,72,2,0,False,2021-10-16T14:00:00Z,2,3,8,0,0,0,0,0,0,0,0,0,0,0,0,0,0.0,0.0,0.0,0.0,45,-100,7809,839,939
Luke Mbete,DEF,Man City,603,76,5,0,True,2021-10-16T14:00:00Z,2,0,8,0,0,0,0,0,0,0,0,0,0,0,0,0,0.0,0.0,0.0,0.0,40,32,2005,278,246
Luke Shaw,DEF,Man Utd,275,75,9,0,False,2021-10-16T14:00:00Z,4,2,8,90,0,0,0,4,0,0,0,0,0,0,0,14,12.8,4.9,2.0,2.0,54,-191465,2230148,42870,234335
Luke Thomas,DEF,Leicester,219,75,13,0,True,2021-10-16T14:00:00Z,4,2,8,0,0,0,0,0,0,0,0,0,0,0,0,0,0.0,0.0,0.0,0.0,44,-6162,59277,448,6610
Lyanco Evangelista Silveira Neves Vojnovic,DEF,Southampton,567,79,10,0,True,2021-10-16T14:00:00Z,1,0,8,0,0,0,0,0,0,0,0,0,0,0,0,0,0.0,0.0,0.0,0.0,45,-54,1276,68,122
Mads Bech Sørensen,DEF,Brentford,90,73,6,0,True,2021-10-16T16:30:00Z,0,1,8,0,0,0,0,0,0,0,0,0,0,0,0,0,0.0,0.0,0.0,0.0,44,-231,3876,29,260
Mads Bidstrup,MID,Brentford,97,73,6,0,True,2021-10-16T16:30:00Z,0,1,8,0,0,0,0,0,0,0,0,0,0,0,0,0,0.0,0.0,0.0,0.0,45,-84,6514,333,417
Mads Roerslev Rasmussen,DEF,Brentford,89,73,6,0,True,2021-10-16T16:30:00Z,0,1,8,0,0,0,0,0,0,0,0,0,0,0,0,0,0.0,0.0,0.0,0.0,43,-103,4349,125,228
Mahmoud Ahmed Ibrahim Hassan,MID,Aston Villa,37,72,20,0,True,2021-10-16T14:00:00Z,2,3,8,0,0,0,0,0,0,0,0,0,0,0,0,0,0.0,0.0,0.0,0.0,54,-34,820,41,75
Malang Sarr,DEF,Chelsea,501,73,3,8,False,2021-10-16T16:30:00Z,0,1,8,90,0,0,1,0,0,0,0,0,0,0,2,35,36.2,2.7,0.0,3.9,49,-51,5507,302,353
Manuel Lanzini,MID,West Ham,416,74,8,1,False,2021-10-17T13:00:00Z,0,1,8,3,0,0,0,0,0,0,0,0,0,0,0,2,0.2,0.3,0.0,0.1,58,-423,10010,347,770
Marcos Alonso,DEF,Chelsea,122,73,3,0,False,2021-10-16T16:30:00Z,0,1,8,0,0,0,0,0,0,0,0,0,0,0,0,0,0.0,0.0,0.0,0.0,60,-120642,2106863,98161,218803
Marco Stiepermann,MID,Norwich,316,78,4,0,True,2021-10-16T14:00:00Z,0,0,8,0,0,0,0,0,0,0,0,0,0,0,0,0,0.0,0.0,0.0,0.0,50,-1,47,0,1
Marcus Bettinelli,GK,Chelsea,606,73,3,0,False,2021-10-16T16:30:00Z,0,1,8,0,0,0,0,0,0,0,0,0,0,0,0,0,0.0,0.0,0.0,0.0,40,264,1516,498,234
Marcus Forss,FWD,Brentford,88,73,6,1,True,2021-10-16T16:30:00Z,0,1,8,23,0,0,0,0,0,0,0,0,0,0,0,3,0.6,0.3,26.0,2.7,53,-236,8592,745,981
Marcus Rashford,MID,Man Utd,281,75,9,6,False,2021-10-16T14:00:00Z,4,2,8,25,1,0,0,3,0,0,0,0,0,0,0,20,33.4,1.5,19.0,5.4,94,4916,17592,5962,1046
Marc Albrighton,MID,Leicester,202,75,13,0,True,2021-10-16T14:00:00Z,4,2,8,0,0,0,0,0,0,0,0,0,0,0,0,0,0.0,0.0,0.0,0.0,54,-1287,15716,463,1750
Marc Cucurella,DEF,Brighton,584,78,15,5,False,2021-10-16T14:00:00Z,0,0,8,65,0,0,1,0,0,0,0,1,0,0,0,19,10.8,42.2,2.0,5.5,50,34241,92766,39079,4838
Marc Guéhi,DEF,Crystal Palace,477,71,1,1,False,2021-10-18T19:00:00Z,2,2,8,90,0,0,0,2,0,0,0,0,0,0,0,16,14.4,2.1,1.0,1.8,45,-945,30439,807,1752
Marc Navarro,DEF,Watford,398,80,11,0,True,2021-10-16T11:30:00Z,0,5,8,0,0,0,0,0,0,0,0,0,0,0,0,0,0.0,0.0,0.0,0.0,40,-1895,26745,0,1895
Mark Gillespie,GK,Newcastle,514,77,17,0,True,2021-10-17T15:30:00Z,2,3,8,0,0,0,0,0,0,0,0,0,0,0,0,0,0.0,0.0,0.0,0.0,40,-788,28484,483,1271
Mark Noble,MID,West Ham,406,74,8,0,False,2021-10-17T13:00:00Z,0,1,8,0,0,0,0,0,0,0,0,0,0,0,0,0,0.0,0.0,0.0,0.0,44,5339,56933,10055,4716
Martin Dubravka,GK,Newcastle,295,77,17,0,True,2021-10-17T15:30:00Z,2,3,8,0,0,0,0,0,0,0,0,0,0,0,0,0,0.0,0.0,0.0,0.0,44,-244,7837,118,362
Martin Kelly,DEF,Crystal Palace,151,71,1,0,False,2021-10-18T19:00:00Z,2,2,8,0,0,0,0,0,0,0,0,0,0,0,0,0,0.0,0.0,0.0,0.0,39,5191,86843,10182,4991
Martin Ødegaard,MID,Arsenal,558,71,7,2,True,2021-10-18T19:00:00Z,2,2,8,66,0,0,0,1,0,0,0,0,0,0,0,9,2.8,9.5,0.0,1.2,55,-256,239209,26606,26862
Marvelous Nakamba,MID,Aston Villa,41,72,20,1,True,2021-10-16T14:00:00Z,2,3,8,23,0,0,0,3,0,0,0,0,0,0,0,3,2.4,0.3,0.0,0.3,45,-686,18638,690,1376
Mason Greenwood,MID,Man Utd,289,75,9,7,False,2021-10-16T14:00:00Z,4,2,8,79,1,0,0,2,0,0,0,0,0,0,0,19,32.4,2.8,24.0,5.9,76,-253030,1093969,31514,284544
Mason Holgate,DEF,Everton,178,74,19,0,True,2021-10-17T13:00:00Z,0,1,8,0,0,0,0,0,0,0,0,0,0,0,0,0,0.0,0.0,0.0,0.0,43,-4621,49452,978,5599
Mason Mount,MID,Chelsea,138,73,3,1,False,2021-10-16T16:30:00Z,0,1,8,25,0,0,0,0,0,0,0,0,0,0,0,4,7.0,1.0,6.0,1.4,74,-6399,741995,51906,58305
Matej Vydra,FWD,Burnley,111,76,12,0,False,2021-10-16T14:00:00Z,2,0,8,0,0,0,0,0,0,0,0,0,0,0,0,0,0.0,0.0,0.0,0.0,52,-2114,27257,1529,3643
Mateo Kovacic,MID,Chelsea,125,73,3,2,False,2021-10-16T16:30:00Z,0,1,8,64,0,0,1,0,0,0,0,1,0,0,0,7,6.4,10.5,11.0,2.8,52,16432,722543,82345,65913
Mateusz Klich,MID,Leeds,186,79,16,2,False,2021-10-16T14:00:00Z,1,0,8,76,0,0,0,1,0,0,0,0,0,0,0,16,9.6,13.0,2.0,2.5,55,-1557,55450,6222,7779
Mathew Ryan,GK,Brighton,65,78,15,0,False,2021-10-16T14:00:00Z,0,0,8,0,0,0,0,0,0,0,0,0,0,0,0,0,0.0,0.0,0.0,0.0,45,-25,723,0,25
Mathias Jensen,MID,Brentford,86,73,6,2,True,2021-10-16T16:30:00Z,0,1,8,90,0,0,0,1,0,0,0,0,0,0,0,10,10.8,17.2,6.0,3.4,49,126,2727,348,222
Mathias Jorgensen,DEF,Brentford,594,73,6,2,True,2021-10-16T16:30:00Z,0,1,8,90,0,0,0,1,0,0,0,0,0,0,0,13,19.8,30.0,2.0,5.2,45,89,1266,203,114
Mathias Normann,MID,Norwich,581,78,4,3,True,2021-10-16T14:00:00Z,0,0,8,82,0,0,1,0,0,0,0,0,0,0,0,8,4.0,8.1,17.0,2.9,45,4065,13805,8844,4779
Matthew Cash,DEF,Aston Villa,44,72,20,6,True,2021-10-16T14:00:00Z,2,3,8,78,0,0,1,0,0,0,0,0,0,0,0,19,5.8,25.3,29.0,6.0,51,51127,360804,78348,27221
Matthew Longstaff,MID,Newcastle,312,77,17,0,True,2021-10-17T15:30:00Z,2,3,8,0,0,0,0,0,0,0,0,0,0,0,0,0,0.0,0.0,0.0,0.0,45,-323,4420,0,323
Matthew Lowton,DEF,Burnley,110,76,12,1,False,2021-10-16T14:00:00Z,2,0,8,90,0,0,0,2,0,0,0,0,0,0,0,17,19.0,15.0,0.0,3.4,44,-15346,127753,2986,18332
Matthew Pollock,DEF,Watford,454,80,11,0,True,2021-10-16T11:30:00Z,0,5,8,0,0,0,0,0,0,0,0,0,0,0,0,0,0.0,0.0,0.0,0.0,40,-1920,34980,0,1920
Matt Doherty,DEF,Spurs,360,77,14,0,False,2021-10-17T15:30:00Z,2,3,8,0,0,0,0,0,0,0,0,0,0,0,0,0,0.0,0.0,0.0,0.0,47,-2000,24886,360,2360
Matt Ritchie,DEF,Newcastle,292,77,17,1,True,2021-10-17T15:30:00Z,2,3,8,90,0,0,0,3,0,0,0,0,0,0,0,10,16.2,16.0,2.0,3.4,49,-1145,20955,982,2127
Matt Targett,DEF,Aston Villa,39,72,20,1,True,2021-10-16T14:00:00Z,2,3,8,90,0,0,0,3,0,0,0,0,0,0,0,13,11.0,11.8,4.0,2.7,48,-3458,232361,9733,13191
Mattéo Guendouzi,MID,Arsenal,25,71,7,0,True,2021-10-18T19:00:00Z,2,2,8,0,0,0,0,0,0,0,0,0,0,0,0,0,0.0,0.0,0.0,0.0,45,-1,112,0,1
Maxwel Cornet,MID,Burnley,578,76,12,1,False,2021-10-16T14:00:00Z,2,0,8,55,0,0,0,1,0,0,0,0,0,0,0,-2,7.4,1.1,23.0,3.2,60,-10,2952,566,576
Max Aarons,DEF,Norwich,326,78,4,6,True,2021-10-16T14:00:00Z,0,0,8,90,0,0,1,0,0,0,0,0,0,0,0,20,6.0,14.6,0.0,2.1,44,-4632,116915,2430,7062
Max Kilman,DEF,Wolves,439,72,2,1,False,2021-10-16T14:00:00Z,2,3,8,90,0,0,0,2,0,0,0,0,0,0,0,6,10.4,1.4,16.0,2.8,45,-777,33643,2356,3133
Mbwana Ally Samatta,FWD,Aston Villa,48,72,20,0,True,2021-10-16T14:00:00Z,2,3,8,0,0,0,0,0,0,0,0,0,0,0,0,0,0.0,0.0,0.0,0.0,55,-2,67,0,2
Michael Keane,DEF,Everton,169,74,19,2,True,2021-10-17T13:00:00Z,0,1,8,90,0,0,0,1,0,0,0,0,0,0,0,13,26.2,0.1,0.0,2.6,50,-3051,240882,12735,15786
Michael McGovern,GK,Norwich,313,78,4,0,True,2021-10-16T14:00:00Z,0,0,8,0,0,0,0,0,0,0,0,0,0,0,0,0,0.0,0.0,0.0,0.0,40,-2763,57407,508,3271
Michael Obafemi,FWD,Southampton,348,79,10,0,True,2021-10-16T14:00:00Z,1,0,8,0,0,0,0,0,0,0,0,0,0,0,0,0,0.0,0.0,0.0,0.0,45,-50782,349013,0,50782
Michael Olise,MID,Crystal Palace,464,71,1,4,False,2021-10-18T19:00:00Z,2,2,8,19,0,1,0,1,0,0,0,0,0,0,0,13,19.4,10.1,0.0,3.0,54,1449,3794,1761,312
Michail Antonio,FWD,West Ham,413,74,8,1,False,2021-10-17T13:00:00Z,0,1,8,90,0,0,1,0,0,0,0,1,0,0,0,-1,9.8,36.7,74.0,12.1,81,69158,3863555,210545,141387
Michal Karbownik,DEF,Brighton,536,78,15,0,False,2021-10-16T14:00:00Z,0,0,8,0,0,0,0,0,0,0,0,0,0,0,0,0,0.0,0.0,0.0,0.0,40,-196,3949,0,196
Michy Batshuayi,FWD,Chelsea,126,73,3,0,False,2021-10-16T16:30:00Z,0,1,8,0,0,0,0,0,0,0,0,0,0,0,0,0,0.0,0.0,0.0,0.0,55,-171,5065,0,171
Miguel Almirón,MID,Newcastle,308,77,17,0,True,2021-10-17T15:30:00Z,2,3,8,0,0,0,0,0,0,0,0,0,0,0,0,0,0.0,0.0,0.0,0.0,54,-4272,26385,687,4959
Milot Rashica,MID,Norwich,449,78,4,1,True,2021-10-16T14:00:00Z,0,0,8,14,0,0,0,0,0,0,0,0,0,0,0,5,4.4,24.3,2.0,3.1,53,-1020,9781,229,1249
Mohamed Naser El Sayed Elneny,MID,Arsenal,12,71,7,0,True,2021-10-18T19:00:00Z,2,2,8,0,0,0,0,0,0,0,0,0,0,0,0,0,0.0,0.0,0.0,0.0,45,-1026,30546,1199,2225
Mohamed Elyounoussi,MID,Southampton,517,79,10,3,True,2021-10-16T14:00:00Z,1,0,8,90,0,0,1,0,0,0,0,0,0,0,0,-2,0.0,12.8,24.0,3.6,55,1699,16096,4416,2717
Mohamed Salah,MID,Liverpool,233,80,18,13,False,2021-10-16T11:30:00Z,0,5,8,90,1,1,1,0,0,0,0,0,0,0,2,43,64.0,30.5,91.0,18.6,127,306885,5296809,317190,10305
Mohammed Salisu,DEF,Southampton,351,79,10,6,True,2021-10-16T14:00:00Z,1,0,8,90,0,0,1,0,0,0,0,0,0,0,0,22,14.8,10.5,5.0,3.0,45,-137,17523,1694,1831
Moise Kean,FWD,Everton,564,74,19,0,True,2021-10-17T13:00:00Z,0,1,8,0,0,0,0,0,0,0,0,0,0,0,0,0,0.0,0.0,0.0,0.0,60,-39,1252,0,39
Moisés Caicedo,MID,Brighton,538,78,15,0,False,2021-10-16T14:00:00Z,0,0,8,0,0,0,0,0,0,0,0,0,0,0,0,0,0.0,0.0,0.0,0.0,45,-25,521,0,25
Morgan Gibbs-White,MID,Wolves,440,72,2,0,False,2021-10-16T14:00:00Z,2,3,8,0,0,0,0,0,0,0,0,0,0,0,0,0,0.0,0.0,0.0,0.0,45,-1779,14268,0,1779
Morgan Sanson,MID,Aston Villa,34,72,20,0,True,2021-10-16T14:00:00Z,2,3,8,0,0,0,0,0,0,0,0,0,0,0,0,0,0.0,0.0,0.0,0.0,50,-91,890,30,121
Moussa Djenepo,MID,Southampton,350,79,10,1,True,2021-10-16T14:00:00Z,1,0,8,58,0,0,0,0,0,0,0,0,0,0,0,2,10.6,29.9,8.0,4.9,54,-183,4923,236,419
Moussa Sissoko,MID,Watford,354,80,11,2,True,2021-10-16T11:30:00Z,0,5,8,90,0,0,0,5,0,0,0,0,0,0,0,21,18.0,20.9,0.0,3.9,45,-6347,246335,13507,19854
N'Golo Kanté,MID,Chelsea,130,73,3,3,False,2021-10-16T16:30:00Z,0,1,8,90,0,0,1,0,0,0,0,0,0,0,0,11,9.4,23.2,2.0,3.5,49,-21104,209502,3570,24674
Naby Keita,MID,Liverpool,239,80,18,3,False,2021-10-16T11:30:00Z,0,5,8,90,0,0,1,0,0,0,0,0,0,0,0,8,14.8,6.5,26.0,4.7,50,-83,17252,1600,1683
Nampalys Mendy,MID,Leicester,203,75,13,0,True,2021-10-16T14:00:00Z,4,2,8,0,0,0,0,0,0,0,0,0,0,0,0,0,0.0,0.0,0.0,0.0,44,-12367,144508,7204,19571
Nathaniel Chalobah,MID,Watford,385,80,11,0,True,2021-10-16T11:30:00Z,0,5,8,0,0,0,0,0,0,0,0,0,0,0,0,0,0.0,0.0,0.0,0.0,50,-33,665,0,33
Nathaniel Clyne,DEF,Crystal Palace,493,71,1,0,False,2021-10-18T19:00:00Z,2,2,8,0,0,0,0,0,0,0,0,0,0,0,0,0,0.0,0.0,0.0,0.0,44,-221,7679,142,363
Nathaniel Phillips,DEF,Liverpool,241,80,18,0,False,2021-10-16T11:30:00Z,0,5,8,0,0,0,0,0,0,0,0,0,0,0,0,0,0.0,0.0,0.0,0.0,43,-516,15256,251,767
Nathan Aké,DEF,Man City,258,76,5,6,True,2021-10-16T14:00:00Z,2,0,8,90,0,0,1,0,0,0,0,0,0,0,0,27,14.4,10.8,0.0,2.5,49,-2295,36995,1351,3646
Nathan Broadhead,FWD,Everton,545,74,19,0,True,2021-10-17T13:00:00Z,0,1,8,0,0,0,0,0,0,0,0,0,0,0,0,0,0.0,0.0,0.0,0.0,45,-97,1862,0,97
Nathan Collins,DEF,Burnley,451,76,12,1,False,2021-10-16T14:00:00Z,2,0,8,90,0,0,0,2,0,0,0,0,0,0,0,21,24.0,10.7,2.0,3.7,43,708,6587,1062,354
Nathan Ferguson,DEF,Crystal Palace,161,71,1,0,False,2021-10-18T19:00:00Z,2,2,8,0,0,0,0,0,0,0,0,0,0,0,0,0,0.0,0.0,0.0,0.0,45,-4,371,31,35
Nathan Redmond,MID,Southampton,336,79,10,9,True,2021-10-16T14:00:00Z,1,0,8,90,0,1,1,0,0,0,0,0,0,0,3,30,37.0,85.4,29.0,15.1,59,1263,9676,2097,834
Nathan Tella,MID,Southampton,346,79,10,1,True,2021-10-16T14:00:00Z,1,0,8,1,0,0,0,0,0,0,0,0,0,0,0,3,0.0,0.0,0.0,0.0,48,-62,4902,450,512
Neal Maupay,FWD,Brighton,63,78,15,2,False,2021-10-16T14:00:00Z,0,0,8,90,0,0,1,0,0,0,0,0,0,0,0,4,5.4,23.8,19.0,4.8,66,113188,398371,138198,25010
Neco Williams,DEF,Liverpool,246,80,18,4,False,2021-10-16T11:30:00Z,0,5,8,7,0,1,0,0,0,0,0,0,0,0,0,17,18.2,11.1,2.0,3.1,39,6516,70873,11860,5344
Nemanja Matic,MID,Man Utd,271,75,9,2,False,2021-10-16T14:00:00Z,4,2,8,79,0,0,0,2,0,0,0,0,0,0,0,13,12.6,15.4,1.0,2.9,45,-856,29294,2773,3629
Nick Pope,GK,Burnley,112,76,12,2,False,2021-10-16T14:00:00Z,2,0,8,90,0,0,0,2,0,0,0,0,0,4,0,18,32.4,0.0,0.0,3.2,54,-15350,233374,2774,18124
Nicolas Pépé,MID,Arsenal,17,71,7,5,True,2021-10-18T19:00:00Z,2,2,8,90,0,1,0,2,0,0,0,0,0,0,0,17,11.6,15.3,43.0,7.0,71,-10941,88868,2898,13839
Niels Nkounkou,DEF,Everton,570,74,19,0,True,2021-10-17T13:00:00Z,0,1,8,0,0,0,0,0,0,0,0,0,0,0,0,0,0.0,0.0,0.0,0.0,40,-69,1086,0,69
Nikola Vlasic,MID,West Ham,582,74,8,0,False,2021-10-17T13:00:00Z,0,1,8,0,0,0,0,0,0,0,0,0,0,0,0,0,0.0,0.0,0.0,0.0,59,-599,4232,193,792
Nohan Kenneh,MID,Leeds,600,79,16,0,False,2021-10-16T14:00:00Z,1,0,8,0,0,0,0,0,0,0,0,0,0,0,0,0,0.0,0.0,0.0,0.0,45,-3,420,84,87
Nuno Varela Tavares,DEF,Arsenal,466,71,7,0,True,2021-10-18T19:00:00Z,2,2,8,0,0,0,0,0,0,0,0,0,0,0,0,0,0.0,0.0,0.0,0.0,43,-672,16077,359,1031
Nélson Cabral Semedo,DEF,Wolves,437,72,2,1,False,2021-10-16T14:00:00Z,2,3,8,90,0,0,0,2,0,0,0,0,0,0,0,7,5.2,14.5,6.0,2.6,49,-33370,280748,9656,43026
Odsonne Edouard,FWD,Crystal Palace,586,71,1,7,False,2021-10-18T19:00:00Z,2,2,8,81,1,0,0,1,0,0,0,0,0,0,1,30,47.0,32.8,25.0,10.5,65,-32581,207273,7754,40335
Oghenekaro Peter Etebo,MID,Watford,467,80,11,0,True,2021-10-16T11:30:00Z,0,5,8,0,0,0,0,0,0,0,0,0,0,0,0,0,0.0,0.0,0.0,0.0,45,-3670,17658,440,4110
Oleksandr Zinchenko,DEF,Man City,264,76,5,0,True,2021-10-16T14:00:00Z,2,0,8,0,0,0,0,0,0,0,0,0,0,0,0,0,0.0,0.0,0.0,0.0,53,-3108,61723,872,3980
Oliver Skipp,MID,Spurs,373,77,14,2,False,2021-10-17T15:30:00Z,2,3,8,90,0,0,0,2,0,0,0,0,0,0,0,16,14.2,5.6,0.0,2.0,45,-6321,107657,3783,10104
Olivier Giroud,FWD,Chelsea,120,73,3,0,False,2021-10-16T16:30:00Z,0,1,8,0,0,0,0,0,0,0,0,0,0,0,0,0,0.0,0.0,0.0,0.0,65,-27,1340,0,27
Ollie Watkins,FWD,Aston Villa,40,72,20,4,True,2021-10-16T14:00:00Z,2,3,8,90,0,1,0,3,0,0,0,1,0,0,0,15,8.6,22.7,48.0,7.9,73,18123,148197,27615,9492
Onel Hernández,MID,Norwich,320,78,4,0,True,2021-10-16T14:00:00Z,0,0,8,0,0,0,0,0,0,0,0,0,0,0,0,0,0.0,0.0,0.0,0.0,49,-116,1847,0,116
Oriol Romeu Vidal,MID,Southampton,335,79,10,3,True,2021-10-16T14:00:00Z,1,0,8,90,0,0,1,0,0,0,0,0,0,0,0,13,8.6,2.9,0.0,1.2,45,468,52933,4946,4478
Owen Dodgson,DEF,Burnley,565,76,12,0,False,2021-10-16T14:00:00Z,2,0,8,0,0,0,0,0,0,0,0,0,0,0,0,0,0.0,0.0,0.0,0.0,40,478,6334,1034,556
Owen Otasowie,MID,Wolves,442,72,2,0,False,2021-10-16T14:00:00Z,2,3,8,0,0,0,0,0,0,0,0,0,0,0,0,0,0.0,0.0,0.0,0.0,45,-530,9760,0,530
Ozan Kabak,DEF,Norwich,580,78,4,5,True,2021-10-16T14:00:00Z,0,0,8,90,0,0,1,0,0,0,0,1,0,0,0,17,11.0,0.1,8.0,1.9,45,401,4591,872,471
Ozan Tufan,MID,Watford,557,80,11,0,True,2021-10-16T11:30:00Z,0,5,8,0,0,0,0,0,0,0,0,0,0,0,0,0,0.0,0.0,0.0,0.0,50,-8,1251,123,131
Pablo Fornals,MID,West Ham,423,74,8,2,False,2021-10-17T13:00:00Z,0,1,8,90,0,0,1,0,0,0,0,1,0,0,0,5,1.6,5.3,44.0,5.1,60,-32448,213400,5473,37921
Pablo Hernández Domínguez,MID,Leeds,182,79,16,0,False,2021-10-16T14:00:00Z,1,0,8,0,0,0,0,0,0,0,0,0,0,0,0,0,0.0,0.0,0.0,0.0,55,-4,185,0,4
Pablo Marí,DEF,Arsenal,8,71,7,0,True,2021-10-18T19:00:00Z,2,2,8,0,0,0,0,0,0,0,0,0,0,0,0,0,0.0,0.0,0.0,0.0,43,-444,9971,110,554
Paris Maghoma,MID,Brentford,614,73,6,0,True,2021-10-16T16:30:00Z,0,1,8,0,0,0,0,0,0,0,0,0,0,0,0,0,0.0,0.0,0.0,0.0,45,0,0,0,0
Pascal Groß,MID,Brighton,55,78,15,3,False,2021-10-16T14:00:00Z,0,0,8,90,0,0,1,0,0,0,0,0,0,0,0,20,21.2,43.3,38.0,10.3,60,361,33014,2737,2376
Pascal Struijk,DEF,Leeds,198,79,16,1,False,2021-10-16T14:00:00Z,1,0,8,90,0,0,0,1,0,0,0,1,0,0,0,7,6.2,0.2,0.0,0.6,44,-803,16512,493,1296
Patrick Bamford,FWD,Leeds,189,79,16,0,False,2021-10-16T14:00:00Z,1,0,8,0,0,0,0,0,0,0,0,0,0,0,0,0,0.0,0.0,0.0,0.0,78,-88305,406382,3055,91360
Patrick Cutrone,FWD,Wolves,523,72,2,0,False,2021-10-16T14:00:00Z,2,3,8,0,0,0,0,0,0,0,0,0,0,0,0,0,0.0,0.0,0.0,0.0,50,-308,5209,0,308
Patrik Gunnarsson,GK,Brentford,94,73,6,0,True,2021-10-16T16:30:00Z,0,1,8,0,0,0,0,0,0,0,0,0,0,0,0,0,0.0,0.0,0.0,0.0,40,-5029,69803,236,5265
Patson Daka,FWD,Leicester,455,75,13,6,True,2021-10-16T14:00:00Z,4,2,8,13,1,0,0,1,0,0,0,0,0,0,1,31,43.2,13.2,69.0,12.5,71,-1474,33553,619,2093
Paul Dummett,DEF,Newcastle,301,77,17,0,True,2021-10-17T15:30:00Z,2,3,8,0,0,0,0,0,0,0,0,0,0,0,0,0,0.0,0.0,0.0,0.0,45,-25,839,19,44
Paul Pogba,MID,Man Utd,272,75,9,1,False,2021-10-16T14:00:00Z,4,2,8,90,0,0,0,4,0,0,0,1,0,0,0,3,2.2,18.2,13.0,3.3,77,-212075,1637712,43083,255158
Pedro Lomba Neto,MID,Wolves,441,72,2,0,False,2021-10-16T14:00:00Z,2,3,8,0,0,0,0,0,0,0,0,0,0,0,0,0,0.0,0.0,0.0,0.0,64,-66,1748,71,137
Pelenda Joshua Dasilva,MID,Brentford,82,73,6,0,True,2021-10-16T16:30:00Z,0,1,8,0,0,0,0,0,0,0,0,0,0,0,0,0,0.0,0.0,0.0,0.0,54,-31,801,27,58
Philip Zinckernagel,MID,Watford,392,80,11,0,True,2021-10-16T11:30:00Z,0,5,8,0,0,0,0,0,0,0,0,0,0,0,0,0,0.0,0.0,0.0,0.0,55,-5,298,0,5
Phil Bardsley,DEF,Burnley,99,76,12,0,False,2021-10-16T14:00:00Z,2,0,8,0,0,0,0,0,0,0,0,0,0,0,0,0,0.0,0.0,0.0,0.0,40,-932,56550,2062,2994
Phil Foden,MID,Man City,265,76,5,6,True,2021-10-16T14:00:00Z,2,0,8,90,0,1,1,0,0,0,0,0,0,0,0,16,8.6,10.1,48.0,6.7,80,267612,362595,299262,31650
Pierluigi Gollini,GK,Spurs,486,77,14,0,False,2021-10-17T15:30:00Z,2,3,8,0,0,0,0,0,0,0,0,0,0,0,0,0,0.0,0.0,0.0,0.0,44,-556,17937,192,748
Pierre-Emerick Aubameyang,FWD,Arsenal,4,71,7,9,True,2021-10-18T19:00:00Z,2,2,8,90,1,0,0,2,0,0,0,0,0,0,3,33,40.0,15.8,35.0,9.1,99,16847,207365,37102,20255
Pierre-Emile Højbjerg,MID,Spurs,365,77,14,5,False,2021-10-17T15:30:00Z,2,3,8,90,0,1,0,2,0,0,0,0,0,0,0,25,46.2,22.6,7.0,7.6,49,25829,193711,36549,10720
Pierre Lees-Melou,MID,Norwich,471,78,4,3,True,2021-10-16T14:00:00Z,0,0,8,90,0,0,1,0,0,0,0,0,0,0,0,13,14.6,17.4,22.0,5.4,50,-979,6824,516,1495
Pontus Jansson,DEF,Brentford,76,73,6,2,True,2021-10-16T16:30:00Z,0,1,8,90,0,0,0,1,0,0,0,0,0,0,0,11,14.6,2.2,43.0,6.0,46,61004,746914,85924,24920
Przemyslaw Placheta,MID,Norwich,328,78,4,0,True,2021-10-16T14:00:00Z,0,0,8,0,0,0,0,0,0,0,0,0,0,0,0,0,0.0,0.0,0.0,0.0,49,-188,873,63,251
Raheem Sterling,MID,Man City,255,76,5,3,True,2021-10-16T14:00:00Z,2,0,8,90,0,0,1,0,0,0,0,0,0,0,0,10,6.2,15.7,32.0,5.4,107,-3904,115584,4211,8115
Raphael Dias Belloli,MID,Leeds,196,79,16,0,False,2021-10-16T14:00:00Z,1,0,8,0,0,0,0,0,0,0,0,0,0,0,0,0,0.0,0.0,0.0,0.0,66,45739,1631345,209433,163694
Raphaël Varane,DEF,Man Utd,555,75,9,0,False,2021-10-16T14:00:00Z,4,2,8,0,0,0,0,0,0,0,0,0,0,0,0,0,0.0,0.0,0.0,0.0,55,-90338,280521,9237,99575
Rayan Ait Nouri,DEF,Wolves,470,72,2,0,False,2021-10-16T14:00:00Z,2,3,8,0,0,0,0,0,0,0,0,0,0,0,0,0,0.0,0.0,0.0,0.0,43,-1075,16634,341,1416
Raúl Jiménez,FWD,Wolves,430,72,2,1,False,2021-10-16T14:00:00Z,2,3,8,2,0,0,0,0,0,0,0,0,0,0,0,1,0.0,0.1,2.0,0.1,76,118271,594501,177092,58821
Reece Hannam,DEF,Crystal Palace,540,71,1,0,False,2021-10-18T19:00:00Z,2,2,8,0,0,0,0,0,0,0,0,0,0,0,0,0,0.0,0.0,0.0,0.0,40,-97,6691,184,281
Reece James,DEF,Chelsea,142,73,3,1,False,2021-10-16T16:30:00Z,0,1,8,1,0,0,0,0,0,0,0,0,0,0,0,3,0.2,0.1,0.0,0.0,55,-26287,424380,38504,64791
Reiss Nelson,MID,Arsenal,531,71,7,0,True,2021-10-18T19:00:00Z,2,2,8,0,0,0,0,0,0,0,0,0,0,0,0,0,0.0,0.0,0.0,0.0,50,-24,736,0,24
Remi Matthews,GK,Crystal Palace,561,71,1,0,False,2021-10-18T19:00:00Z,2,2,8,0,0,0,0,0,0,0,0,0,0,0,0,0,0.0,0.0,0.0,0.0,40,-313,17838,402,715
Rhys Williams,DEF,Liverpool,247,80,18,0,False,2021-10-16T11:30:00Z,0,5,8,0,0,0,0,0,0,0,0,0,0,0,0,0,0.0,0.0,0.0,0.0,44,-120,2605,0,120
Ricardo Domingos Barbosa Pereira,DEF,Leicester,207,75,13,1,True,2021-10-16T14:00:00Z,4,2,8,90,0,0,0,2,0,0,0,0,0,0,0,13,12.2,2.1,18.0,3.2,54,-34320,256420,3783,38103
Richarlison de Andrade,FWD,Everton,180,74,19,0,True,2021-10-17T13:00:00Z,0,1,8,0,0,0,0,0,0,0,0,0,0,0,0,0,0.0,0.0,0.0,0.0,74,-41233,335143,786,42019
Rico Henry,DEF,Brentford,83,73,6,2,True,2021-10-16T16:30:00Z,0,1,8,90,0,0,0,1,0,0,0,0,0,0,0,13,13.2,19.9,0.0,3.3,45,3350,93434,8840,5490
Riyad Mahrez,MID,Man City,254,76,5,3,True,2021-10-16T14:00:00Z,2,0,8,90,0,0,1,0,0,0,0,0,0,0,0,10,9.4,34.3,45.0,8.9,87,24543,236156,45987,21444
Roberto Firmino,FWD,Liverpool,228,80,18,20,False,2021-10-16T11:30:00Z,0,5,8,90,3,1,1,0,0,0,0,0,0,0,3,99,125.4,40.6,111.0,27.7,88,5235,172119,11839,6604
Robert Elliot,GK,Watford,574,80,11,0,True,2021-10-16T11:30:00Z,0,5,8,0,0,0,0,0,0,0,0,0,0,0,0,0,0.0,0.0,0.0,0.0,40,-362,64313,2289,2651
Robert Street,FWD,Crystal Palace,542,71,1,0,False,2021-10-18T19:00:00Z,2,2,8,0,0,0,0,0,0,0,0,0,0,0,0,0,0.0,0.0,0.0,0.0,45,-3372,115953,6767,10139
Robert Sánchez,GK,Brighton,69,78,15,6,False,2021-10-16T14:00:00Z,0,0,8,90,0,0,1,0,0,0,0,0,0,2,0,25,14.8,0.0,0.0,1.5,46,-20991,2016052,69759,90750
Robin Koch,DEF,Leeds,194,79,16,0,False,2021-10-16T14:00:00Z,1,0,8,0,0,0,0,0,0,0,0,0,0,0,0,0,0.0,0.0,0.0,0.0,43,-657,9432,28,685
Rob Holding,DEF,Arsenal,14,71,7,0,True,2021-10-18T19:00:00Z,2,2,8,0,0,0,0,0,0,0,0,0,0,0,0,0,0.0,0.0,0.0,0.0,43,-4204,55675,470,4674
Rodrigo Hernandez,MID,Man City,266,76,5,3,True,2021-10-16T14:00:00Z,2,0,8,90,0,0,1,0,0,0,0,0,0,0,0,14,16.4,6.4,0.0,2.3,55,3370,53795,7335,3965
Rodrigo Moreno,FWD,Leeds,187,79,16,2,False,2021-10-16T14:00:00Z,1,0,8,63,0,0,0,1,0,0,0,0,0,0,0,5,1.4,0.5,0.0,0.2,63,-686,95047,10558,11244
Romain Perraud,DEF,Southampton,460,79,10,7,True,2021-10-16T14:00:00Z,1,0,8,90,0,0,1,0,0,0,0,0,0,0,1,25,11.0,5.3,5.0,2.1,49,-298,7670,280,578
Romain Saïss,DEF,Wolves,431,72,2,7,False,2021-10-16T14:00:00Z,2,3,8,90,1,0,0,2,0,0,0,0,0,0,0,27,56.8,0.8,33.0,9.1,50,-5140,79005,3603,8743
Romelu Lukaku,FWD,Chelsea,529,73,3,2,False,2021-10-16T16:30:00Z,0,1,8,76,0,0,1,0,0,0,0,0,0,0,0,3,3.6,12.8,9.0,2.5,117,-16795,3063760,259169,275964
Romeo Lavia,MID,Man City,605,76,5,0,True,2021-10-16T14:00:00Z,2,0,8,0,0,0,0,0,0,0,0,0,0,0,0,0,0.0,0.0,0.0,0.0,45,39,508,140,101
Ross Barkley,MID,Chelsea,124,73,3,0,False,2021-10-16T16:30:00Z,0,1,8,0,0,0,0,0,0,0,0,0,0,0,0,0,0.0,0.0,0.0,0.0,53,-39,7811,338,377
Ruben Loftus-Cheek,MID,Chelsea,132,73,3,3,False,2021-10-16T16:30:00Z,0,1,8,90,0,0,1,0,0,0,0,0,0,0,0,15,23.8,8.8,0.0,3.3,54,1652,7486,2220,568
Rui Pedro dos Santos Patrício,GK,Wolves,427,72,2,0,False,2021-10-16T14:00:00Z,2,3,8,0,0,0,0,0,0,0,0,0,0,0,0,0,0.0,0.0,0.0,0.0,50,-47,1486,0,47
Ryan Bertrand,DEF,Leicester,473,75,13,0,True,2021-10-16T14:00:00Z,4,2,8,0,0,0,0,0,0,0,0,0,0,0,0,0,0.0,0.0,0.0,0.0,48,-5465,47386,1034,6499
Ryan Fraser,MID,Newcastle,298,77,17,1,True,2021-10-17T15:30:00Z,2,3,8,13,0,0,0,0,0,0,0,0,0,0,0,2,0.6,1.6,8.0,1.0,54,-205,5404,133,338
Ryan Fredericks,DEF,West Ham,415,74,8,0,False,2021-10-17T13:00:00Z,0,1,8,0,0,0,0,0,0,0,0,0,0,0,0,0,0.0,0.0,0.0,0.0,44,-562,8008,16,578
Ryan Sessegnon,DEF,Spurs,368,77,14,0,False,2021-10-17T15:30:00Z,2,3,8,0,0,0,0,0,0,0,0,0,0,0,0,0,0.0,0.0,0.0,0.0,43,-439,6335,27,466
Rúben Diogo da Silva Neves,MID,Wolves,436,72,2,8,False,2021-10-16T14:00:00Z,2,3,8,90,1,0,0,2,0,0,0,1,0,0,2,31,40.2,6.8,7.0,5.4,54,-4861,87661,2522,7383
Rúben Santos Gato Alves Dias,DEF,Man City,262,76,5,1,True,2021-10-16T14:00:00Z,2,0,8,18,0,0,0,0,0,0,0,0,0,0,0,6,5.0,0.0,0.0,0.5,62,164870,2505923,237868,72998
Rúnar Alex Rúnarsson,GK,Arsenal,2,71,7,0,True,2021-10-18T19:00:00Z,2,2,8,0,0,0,0,0,0,0,0,0,0,0,0,0,0.0,0.0,0.0,0.0,40,-4102,73624,0,4102
Sadio Mané,MID,Liverpool,230,80,18,8,False,2021-10-16T11:30:00Z,0,5,8,90,1,0,1,0,0,0,0,0,0,0,0,23,38.2,8.7,33.0,8.0,119,20556,247219,37564,17008
Salomón Rondón,FWD,Everton,591,74,19,2,True,2021-10-17T13:00:00Z,0,1,8,90,0,0,0,1,0,0,0,0,0,0,0,3,6.2,4.2,35.0,4.5,60,-1450,16104,2926,4376
Saman Ghoddos,MID,Brentford,85,73,6,1,True,2021-10-16T16:30:00Z,0,1,8,18,0,0,0,0,0,0,0,0,0,0,0,-1,8.2,1.4,36.0,4.6,53,-114,3192,59,173
Samuel Edozie,MID,Man City,508,76,5,0,True,2021-10-16T14:00:00Z,2,0,8,0,0,0,0,0,0,0,0,0,0,0,0,0,0.0,0.0,0.0,0.0,49,-40,1412,44,84
Sam Byram,DEF,Norwich,321,78,4,0,True,2021-10-16T14:00:00Z,0,0,8,0,0,0,0,0,0,0,0,0,0,0,0,0,0.0,0.0,0.0,0.0,44,-112,975,12,124
Sam Greenwood,FWD,Leeds,550,79,16,0,False,2021-10-16T14:00:00Z,1,0,8,0,0,0,0,0,0,0,0,0,0,0,0,0,0.0,0.0,0.0,0.0,45,-7117,174650,7801,14918
Saïd Benrahma,MID,West Ham,419,74,8,3,False,2021-10-17T13:00:00Z,0,1,8,86,0,0,1,0,0,0,0,0,0,0,0,7,2.6,15.3,24.0,4.2,66,-78377,3039592,137651,216028
Saúl Ñíguez,MID,Chelsea,592,73,3,0,False,2021-10-16T16:30:00Z,0,1,8,0,0,0,0,0,0,0,0,0,0,0,0,0,0.0,0.0,0.0,0.0,52,-2168,12744,648,2816
Scott Banks,MID,Crystal Palace,543,71,1,0,False,2021-10-18T19:00:00Z,2,2,8,0,0,0,0,0,0,0,0,0,0,0,0,0,0.0,0.0,0.0,0.0,45,-47,2857,235,282
Scott Carson,GK,Man City,593,76,5,0,True,2021-10-16T14:00:00Z,2,0,8,0,0,0,0,0,0,0,0,0,0,0,0,0,0.0,0.0,0.0,0.0,40,-669,32646,1293,1962
Scott McTominay,MID,Man Utd,285,75,9,1,False,2021-10-16T14:00:00Z,4,2,8,10,0,0,0,2,0,0,0,0,0,0,0,3,4.0,0.3,7.0,1.1,54,580,21661,2169,1589
Sead Kolasinac,DEF,Arsenal,11,71,7,0,True,2021-10-18T19:00:00Z,2,2,8,0,0,0,0,0,0,0,0,0,0,0,0,0,0.0,0.0,0.0,0.0,43,-220,8023,182,402
Seamus Coleman,DEF,Everton,165,74,19,2,True,2021-10-17T13:00:00Z,0,1,8,90,0,0,0,1,0,0,0,0,0,0,0,8,6.0,2.0,6.0,1.4,49,-2617,33403,413,3030
Sean Longstaff,MID,Newcastle,309,77,17,0,True,2021-10-17T15:30:00Z,2,3,8,59,0,0,0,3,0,0,0,1,0,0,0,1,2.4,2.1,0.0,0.5,45,16453,80642,25517,9064
Serge Aurier,DEF,Spurs,358,77,14,0,False,2021-10-17T15:30:00Z,2,3,8,0,0,0,0,0,0,0,0,0,0,0,0,0,0.0,0.0,0.0,0.0,49,-1011,17206,0,1011
Sergio Reguilón,DEF,Spurs,370,77,14,4,False,2021-10-17T15:30:00Z,2,3,8,90,0,1,0,2,0,0,0,0,0,0,0,21,24.0,13.9,4.0,4.2,51,-33154,873676,32236,65390
Sergi Canós,MID,Brentford,81,73,6,1,True,2021-10-16T16:30:00Z,0,1,8,71,0,0,0,1,0,0,0,1,0,0,0,2,0.4,4.8,4.0,0.9,55,-9682,172134,4693,14375
Shandon Baptiste,MID,Brentford,499,73,6,0,True,2021-10-16T16:30:00Z,0,1,8,0,0,0,0,0,0,0,0,0,0,0,0,0,0.0,0.0,0.0,0.0,50,-306,2483,78,384
Shane Duffy,DEF,Brighton,56,78,15,5,False,2021-10-16T14:00:00Z,0,0,8,90,0,0,1,0,0,0,0,1,0,0,0,23,19.2,1.1,6.0,2.6,44,161107,2106230,205440,44333
Shane Long,FWD,Southampton,519,79,10,0,True,2021-10-16T14:00:00Z,1,0,8,0,0,0,0,0,0,0,0,0,0,0,0,0,0.0,0.0,0.0,0.0,54,241,12593,1203,962
Solomon March,MID,Brighton,60,78,15,1,False,2021-10-16T14:00:00Z,0,0,8,24,0,0,0,0,0,0,0,0,0,0,0,8,5.6,11.5,4.0,2.1,53,-90,4797,262,352
Steven Alzate,MID,Brighton,73,78,15,0,False,2021-10-16T14:00:00Z,0,0,8,0,0,0,0,0,0,0,0,0,0,0,0,0,0.0,0.0,0.0,0.0,49,-484,3043,22,506
Steven Bergwijn,MID,Spurs,369,77,14,0,False,2021-10-17T15:30:00Z,2,3,8,0,0,0,0,0,0,0,0,0,0,0,0,0,0.0,0.0,0.0,0.0,59,-4514,29305,100,4614
Stipe Perica,FWD,Watford,388,80,11,0,True,2021-10-16T11:30:00Z,0,5,8,0,0,0,0,0,0,0,0,0,0,0,0,0,0.0,0.0,0.0,0.0,45,-11503,85589,0,11503
Stuart Armstrong,MID,Southampton,339,79,10,1,True,2021-10-16T14:00:00Z,1,0,8,31,0,0,0,0,0,0,0,0,0,0,0,4,4.8,11.9,4.0,2.1,58,315,10984,930,615
Stuart Dallas,MID,Leeds,188,79,16,2,False,2021-10-16T14:00:00Z,1,0,8,90,0,0,0,1,0,0,0,0,0,0,0,15,19.6,1.9,0.0,2.2,53,-66928,526484,7730,74658
Stuart McKinstry,MID,Leeds,601,79,16,0,False,2021-10-16T14:00:00Z,1,0,8,0,0,0,0,0,0,0,0,0,0,0,0,0,0.0,0.0,0.0,0.0,44,10712,15447,14152,3440
Takehiro Tomiyasu,DEF,Arsenal,590,71,7,1,True,2021-10-18T19:00:00Z,2,2,8,90,0,0,0,2,0,0,0,0,0,0,0,8,21.2,14.9,0.0,3.6,46,41829,264739,56322,14493
Takumi Minamino,MID,Liverpool,236,80,18,0,False,2021-10-16T11:30:00Z,0,5,8,0,0,0,0,0,0,0,0,0,0,0,0,0,0.0,0.0,0.0,0.0,52,-118,4660,224,342
Tammy Abraham,FWD,Chelsea,136,73,3,0,False,2021-10-16T16:30:00Z,0,1,8,0,0,0,0,0,0,0,0,0,0,0,0,0,0.0,0.0,0.0,0.0,65,-347,12478,0,347
Tanguy Ndombele,MID,Spurs,375,77,14,7,False,2021-10-17T15:30:00Z,2,3,8,90,1,0,0,2,0,0,0,0,0,0,0,27,46.8,8.6,73.0,12.8,58,-222,20968,1018,1240
Tariqe Fosu-Henry,MID,Brentford,79,73,6,0,True,2021-10-16T16:30:00Z,0,1,8,0,0,0,0,0,0,0,0,0,0,0,0,0,0.0,0.0,0.0,0.0,52,-107,3352,148,255
Tariq Lamptey,DEF,Brighton,71,78,15,1,False,2021-10-16T14:00:00Z,0,0,8,31,0,0,0,0,0,0,0,0,0,0,0,-1,1.0,6.1,2.0,0.9,44,664,31509,2622,1958
Taylor Richards,MID,Brighton,537,78,15,0,False,2021-10-16T14:00:00Z,0,0,8,0,0,0,0,0,0,0,0,0,0,0,0,0,0.0,0.0,0.0,0.0,45,-86,3021,180,266
Teemu Pukki,FWD,Norwich,315,78,4,1,True,2021-10-16T14:00:00Z,0,0,8,89,0,0,1,0,0,0,0,1,0,0,0,0,0.0,2.5,31.0,3.3,59,-36084,403660,16928,53012
Theo Walcott,MID,Southampton,332,79,10,1,True,2021-10-16T14:00:00Z,1,0,8,9,0,0,0,0,0,0,0,0,0,0,0,3,1.2,0.3,0.0,0.2,58,203,9374,588,385
Thiago Alcántara do Nascimento,MID,Liverpool,225,80,18,0,False,2021-10-16T11:30:00Z,0,5,8,0,0,0,0,0,0,0,0,0,0,0,0,0,0.0,0.0,0.0,0.0,53,-3479,37011,148,3627
Thiago Emiliano da Silva,DEF,Chelsea,121,73,3,0,False,2021-10-16T16:30:00Z,0,1,8,0,0,0,0,0,0,0,0,0,0,0,0,0,0.0,0.0,0.0,0.0,55,-30415,312650,33109,63524
Thomas Partey,MID,Arsenal,15,71,7,2,True,2021-10-18T19:00:00Z,2,2,8,80,0,0,0,2,0,0,0,0,0,0,0,13,5.8,13.7,10.0,3.0,50,1661,17556,3791,2130
Timothy Castagne,DEF,Leicester,209,75,13,1,True,2021-10-16T14:00:00Z,4,2,8,90,0,0,0,2,0,0,0,0,0,0,0,10,10.2,13.6,20.0,4.4,53,-2649,52423,1656,4305
Timo Werner,FWD,Chelsea,134,73,3,2,False,2021-10-16T16:30:00Z,0,1,8,90,0,0,1,0,0,0,0,0,0,0,0,4,0.0,5.9,15.0,2.0,86,48820,182960,59222,10402
Tim Krul,GK,Norwich,314,78,4,9,True,2021-10-16T14:00:00Z,0,0,8,90,0,0,1,0,0,0,0,0,0,3,2,27,22.4,0.0,0.0,2.2,45,-1018,109013,4993,6011
Tino Livramento,DEF,Southampton,491,79,10,6,True,2021-10-16T14:00:00Z,1,0,8,90,0,0,1,0,0,0,0,0,0,0,0,21,15.2,12.3,5.0,3.3,42,182223,1230940,208018,25795
Tobi Omole,DEF,Spurs,598,77,14,0,False,2021-10-17T15:30:00Z,2,3,8,0,0,0,0,0,0,0,0,0,0,0,0,0,0.0,0.0,0.0,0.0,40,105,5226,546,441
Toby Alderweireld,DEF,Spurs,355,77,14,0,False,2021-10-17T15:30:00Z,2,3,8,0,0,0,0,0,0,0,0,0,0,0,0,0,0.0,0.0,0.0,0.0,50,-36,1754,0,36
Todd Cantwell,MID,Norwich,325,78,4,0,True,2021-10-16T14:00:00Z,0,0,8,0,0,0,0,0,0,0,0,0,0,0,0,0,0.0,0.0,0.0,0.0,53,-3008,24938,238,3246
Tomas Soucek,MID,West Ham,422,74,8,3,False,2021-10-17T13:00:00Z,0,1,8,78,0,0,1,0,0,0,0,0,0,0,0,18,17.8,18.9,4.0,4.1,59,-19573,490166,12915,32488
Tommy Doyle,MID,Man City,566,76,5,0,True,2021-10-16T14:00:00Z,2,0,8,0,0,0,0,0,0,0,0,0,0,0,0,0,0.0,0.0,0.0,0.0,45,-17,318,0,17
Tom Cleverley,MID,Watford,381,80,11,1,True,2021-10-16T11:30:00Z,0,5,8,45,0,0,0,3,0,0,0,0,0,0,0,6,3.2,1.3,0.0,0.5,50,-1004,11084,470,1474
Tom Davies,MID,Everton,176,74,19,0,True,2021-10-17T13:00:00Z,0,1,8,0,0,0,0,0,0,0,0,0,0,0,0,0,0.0,0.0,0.0,0.0,49,47,7283,495,448
Tom Heaton,GK,Man Utd,509,75,9,0,False,2021-10-16T14:00:00Z,4,2,8,0,0,0,0,0,0,0,0,0,0,0,0,0,0.0,0.0,0.0,0.0,40,-469,44103,1051,1520
Trent Alexander-Arnold,DEF,Liverpool,237,80,18,6,False,2021-10-16T11:30:00Z,0,5,8,63,0,0,1,0,0,0,0,0,0,0,0,20,9.4,22.1,9.0,4.1,75,-57050,1935034,161730,218780
Trevoh Chalobah,DEF,Chelsea,527,73,3,6,False,2021-10-16T16:30:00Z,0,1,8,90,0,0,1,0,0,0,0,0,0,0,0,23,26.8,6.2,0.0,3.3,48,76702,232402,86813,10111
Troy Deeney,FWD,Watford,380,80,11,0,True,2021-10-16T11:30:00Z,0,5,8,0,0,0,0,0,0,0,0,0,0,0,0,0,0.0,0.0,0.0,0.0,54,-4045,39907,0,4045
Tyler Roberts,MID,Leeds,193,79,16,1,False,2021-10-16T14:00:00Z,1,0,8,80,0,0,0,1,0,0,0,1,0,0,0,3,5.2,12.7,5.0,2.3,49,-86,5544,390,476
Tyrick Mitchell,DEF,Crystal Palace,162,71,1,1,False,2021-10-18T19:00:00Z,2,2,8,90,0,0,0,2,0,0,0,0,0,0,0,11,17.0,16.1,2.0,3.5,45,-2143,57528,2191,4334
Tyrone Mings,DEF,Aston Villa,38,72,20,0,True,2021-10-16T14:00:00Z,2,3,8,90,0,0,0,3,0,0,0,1,0,0,0,13,22.6,0.1,2.0,2.5,50,6970,645243,30304,23334
Vicente Guaita,GK,Crystal Palace,146,71,1,2,False,2021-10-18T19:00:00Z,2,2,8,90,0,0,0,2,0,0,0,0,0,4,0,21,32.0,0.0,0.0,3.2,45,-8079,553465,13289,21368
Victor Lindelöf,DEF,Man Utd,284,75,9,2,False,2021-10-16T14:00:00Z,4,2,8,90,0,1,0,4,0,0,0,1,0,0,0,25,35.2,16.3,0.0,5.2,48,1393,43030,4198,2805
Viljami Sinisalo,GK,Aston Villa,596,72,20,0,True,2021-10-16T14:00:00Z,2,3,8,0,0,0,0,0,0,0,0,0,0,0,0,0,0.0,0.0,0.0,0.0,40,282,4983,676,394
Virgil van Dijk,DEF,Liverpool,229,80,18,6,False,2021-10-16T11:30:00Z,0,5,8,90,0,0,1,0,0,0,0,0,0,0,0,27,16.8,11.2,2.0,3.0,66,39838,1470871,86062,46224
Vitaly Janelt,MID,Brentford,84,73,6,0,True,2021-10-16T16:30:00Z,0,1,8,0,0,0,0,0,0,0,0,0,0,0,0,0,0.0,0.0,0.0,0.0,50,-5080,22680,2822,7902
Vladimir Coufal,DEF,West Ham,418,74,8,0,False,2021-10-17T13:00:00Z,0,1,8,0,0,0,0,0,0,0,0,0,0,0,0,0,0.0,0.0,0.0,0.0,49,-100956,522850,1673,102629
Wayne Hennessey,GK,Burnley,480,76,12,0,False,2021-10-16T14:00:00Z,2,0,8,0,0,0,0,0,0,0,0,0,0,0,0,0,0.0,0.0,0.0,0.0,45,-435,16289,251,686
Wesley Fofana,DEF,Leicester,220,75,13,0,True,2021-10-16T14:00:00Z,4,2,8,0,0,0,0,0,0,0,0,0,0,0,0,0,0.0,0.0,0.0,0.0,44,-867,25788,129,996
Wesley Moraes,FWD,Aston Villa,47,72,20,0,True,2021-10-16T14:00:00Z,2,3,8,0,0,0,0,0,0,0,0,0,0,0,0,0,0.0,0.0,0.0,0.0,54,-799,11133,0,799
Wilfred Ndidi,MID,Leicester,216,75,13,0,True,2021-10-16T14:00:00Z,4,2,8,0,0,0,0,0,0,0,0,0,0,0,0,0,0.0,0.0,0.0,0.0,49,-19443,92262,234,19677
Wilfried Zaha,MID,Crystal Palace,154,71,1,0,False,2021-10-18T19:00:00Z,2,2,8,0,0,0,0,0,0,0,0,0,0,0,0,0,0.0,0.0,0.0,0.0,70,5303,581542,61177,55874
William Saliba,DEF,Arsenal,27,71,7,0,True,2021-10-18T19:00:00Z,2,2,8,0,0,0,0,0,0,0,0,0,0,0,0,0,0.0,0.0,0.0,0.0,45,0,223,0,0
William Smallbone,MID,Southampton,347,79,10,0,True,2021-10-16T14:00:00Z,1,0,8,0,0,0,0,0,0,0,0,0,0,0,0,0,0.0,0.0,0.0,0.0,45,-182,1284,95,277
William Troost-Ekong,DEF,Watford,387,80,11,0,True,2021-10-16T11:30:00Z,0,5,8,90,0,0,0,5,0,0,0,0,0,0,0,10,22.2,0.4,0.0,2.3,45,-1518,11597,987,2505
Willian Borges Da Silva,MID,Arsenal,3,71,7,0,True,2021-10-18T19:00:00Z,2,2,8,0,0,0,0,0,0,0,0,0,0,0,0,0,0.0,0.0,0.0,0.0,63,-243,7512,0,243
Willy Boly,DEF,Wolves,428,72,2,0,False,2021-10-16T14:00:00Z,2,3,8,0,0,0,0,0,0,0,0,0,0,0,0,0,0.0,0.0,0.0,0.0,49,-118,7655,413,531
Will Hughes,MID,Crystal Palace,386,71,1,0,False,2021-10-18T19:00:00Z,2,2,8,0,0,0,0,0,0,0,0,0,0,0,0,0,0.0,0.0,0.0,0.0,48,-146,3734,110,256
Will Norris,GK,Burnley,114,76,12,0,False,2021-10-16T14:00:00Z,2,0,8,0,0,0,0,0,0,0,0,0,0,0,0,0,0.0,0.0,0.0,0.0,44,8,10165,554,546
Winston Reid,DEF,West Ham,410,74,8,0,False,2021-10-17T13:00:00Z,0,1,8,0,0,0,0,0,0,0,0,0,0,0,0,0,0.0,0.0,0.0,0.0,40,-8503,99854,147,8650
Xherdan Shaqiri,MID,Liverpool,226,80,18,0,False,2021-10-16T11:30:00Z,0,5,8,0,0,0,0,0,0,0,0,0,0,0,0,0,0.0,0.0,0.0,0.0,59,-97,3747,0,97
Yan Valery,DEF,Southampton,546,79,10,0,True,2021-10-16T14:00:00Z,1,0,8,0,0,0,0,0,0,0,0,0,0,0,0,0,0.0,0.0,0.0,0.0,40,-1323,44806,677,2000
Yerry Mina,DEF,Everton,175,74,19,0,True,2021-10-17T13:00:00Z,0,1,8,0,0,0,0,0,0,0,0,0,0,0,0,0,0.0,0.0,0.0,0.0,49,-1293,39250,2886,4179
Yerson Mosquera Valdelamar,DEF,Wolves,446,72,2,0,False,2021-10-16T14:00:00Z,2,3,8,0,0,0,0,0,0,0,0,0,0,0,0,0,0.0,0.0,0.0,0.0,45,-125,1925,79,204
Yoane Wissa,MID,Brentford,524,73,6,0,True,2021-10-16T16:30:00Z,0,1,8,0,0,0,0,0,0,0,0,0,0,0,0,0,0.0,0.0,0.0,0.0,59,3749,9063,4697,948
Youri Tielemans,MID,Leicester,210,75,13,10,True,2021-10-16T14:00:00Z,4,2,8,90,1,0,0,2,0,0,0,0,0,0,3,40,57.6,39.8,30.0,12.7,64,-19401,351471,13980,33381
Yves Bissouma,MID,Brighton,70,78,15,0,False,2021-10-16T14:00:00Z,0,0,8,0,0,0,0,0,0,0,0,0,0,0,0,0,0.0,0.0,0.0,0.0,46,-168717,1017937,5977,174694
Zack Steffen,GK,Man City,260,76,5,7,True,2021-10-16T14:00:00Z,2,0,8,90,0,0,1,0,0,0,0,0,0,2,1,29,23.0,0.0,0.0,2.3,45,9557,25952,10743,1186
Álvaro Fernández,GK,Brentford,556,73,6,0,True,2021-10-16T16:30:00Z,0,1,8,0,0,0,0,0,0,0,0,0,0,0,0,0,0.0,0.0,0.0,0.0,45,84,6472,525,441
Çaglar Söyüncü,DEF,Leicester,217,75,13,7,True,2021-10-16T14:00:00Z,4,2,8,90,1,0,0,2,0,0,0,0,0,0,0,25,42.4,0.5,34.0,7.7,49,-12688,182040,3112,15800
